Order ID,Date,Customer,Product,Category,Quantity,Price,Unit Cost,Discount %,Region,Channel,Gross Revenue,Net Revenue,Gross Profit,Margin %,Order Month
1412,2025-09-01,C612,Water Purifier,Home & Kitchen,1,12330,7800,0.15,Hyderabad,Mobile App,12330,10480.5,2680.5,0.2558,2025-09
2022,2025-09-01,C005,Phone,Electronics,2,19430,13490,0.05,Chennai,Mobile App,38860,36917.0,9937.0,0.2692,2025-09
2150,2025-09-01,C624,Jacket,Apparel,2,2810,1180,0.3,Chennai,Mobile App,5620,3934.0,1574.0,0.4001,2025-09
2150,2025-09-01,C624,Bookshelf,Furniture,3,4560,2470,0.0,Chennai,Mobile App,13680,13680.0,6270.0,0.4583,2025-09
2150,2025-09-01,C624,Laptop,Electronics,1,48720,36040,0.1,Chennai,Mobile App,48720,43848.0,7808.0,0.1781,2025-09
1219,2025-09-04,C575,Phone,Electronics,1,19670,14010,0.0,Chennai,Mobile App,19670,19670.0,5660.0,0.2877,2025-09
1742,2025-09-04,C415,Wallet,Accessories,1,810,380,0.2,Salem,Web,810,648.0,268.0,0.4136,2025-09
1494,2025-09-06,C457,Sunglasses,Accessories,4,1290,630,0.1,Unknown,Mobile App,5160,4644.0,2124.0,0.4574,2025-09
1800,2025-09-06,C639,Headphones,Electronics,4,2490,1790,0.1,Salem,Web,9960,8964.0,1804.0,0.2012,2025-09
1779,2025-09-07,C137,Bluetooth Speaker,Electronics,2,3560,2650,0.3,Coimbatore,Mobile App,7120,4984.0,-316.0,-0.0634,2025-09
1779,2025-09-07,C137,Office Chair,Furniture,2,7760,4300,0.1,Coimbatore,Mobile App,15520,13968.0,5368.0,0.3843,2025-09
1166,2025-09-08,C223,Tablet,Electronics,1,17830,13350,0.1,Chennai,Mobile App,17830,16047.0,2697.0,0.1681,2025-09
1986,2025-09-08,C612,Jacket,Apparel,2,2830,1170,0.15,Hyderabad,Mobile App,5660,4811.0,2471.0,0.5136,2025-09
1011,2025-09-09,C577,Laptop,Electronics,1,51650,37640,0.0,Chennai,Mobile App,51650,51650.0,14010.0,0.2712,2025-09
1011,2025-09-09,C577,Smartwatch,Electronics,3,8200,5810,0.2,Chennai,Mobile App,24600,19680.0,2250.0,0.1143,2025-09
1121,2025-09-09,C243,Jeans,Apparel,2,1780,800,0.2,Hyderabad,Web,3560,2848.0,1248.0,0.4382,2025-09
1121,2025-09-09,C243,Belt,Accessories,3,590,290,0.0,Hyderabad,Web,1770,1770.0,900.0,0.5085,2025-09
1153,2025-09-09,C303,Smartwatch,Electronics,3,8030,5810,0.05,Coimbatore,Mobile App,24090,22885.5,5455.5,0.2384,2025-09
1153,2025-09-09,C303,Laptop,Electronics,1,49420,34510,0.15,Coimbatore,Mobile App,49420,42007.0,7497.0,0.1785,2025-09
1489,2025-09-09,C190,Smartwatch,Electronics,1,7980,5720,0.2,Coimbatore,Web,7980,6384.0,664.0,0.104,2025-09
1489,2025-09-09,C190,Saree,Apparel,1,3620,1610,0.2,Coimbatore,Web,3620,2896.0,1286.0,0.4441,2025-09
1524,2025-09-09,C447,Formal Shirt,Apparel,2,1400,620,0.2,Hyderabad,Mobile App,2800,2240.0,1000.0,0.4464,2025-09
1751,2025-09-09,C051,Mixer Grinder,Home & Kitchen,1,4210,2660,0.0,Bengaluru,Mobile App,4210,4210.0,1550.0,0.3682,2025-09
1751,2025-09-09,C051,Smart TV,Electronics,1,35570,26490,0.15,Bengaluru,Mobile App,35570,30234.5,3744.5,0.1238,2025-09
1979,2025-09-09,C152,Wallet,Accessories,2,800,370,0.15,Bengaluru,Web,1600,1360.0,620.0,0.4559,2025-09
1194,2025-09-10,C537,Kurta,Apparel,2,1230,580,0.05,Trichy,Mobile App,2460,2337.0,1177.0,0.5036,2025-09
1483,2025-09-10,C132,Smartwatch,Electronics,1,8030,5980,0.05,Bengaluru,Mobile App,8030,7628.5,1648.5,0.2161,2025-09
1632,2025-09-10,C007,Smart TV,Electronics,1,35520,25310,0.3,Coimbatore,Web,35520,24864.0,-446.0,-0.0179,2025-09
1632,2025-09-10,C007,Formal Shirt,Apparel,1,1360,560,0.15,Coimbatore,Web,1360,1156.0,596.0,0.5156,2025-09
1632,2025-09-10,C007,Water Purifier,Home & Kitchen,3,11550,7720,0.1,Coimbatore,Web,34650,31185.0,8025.0,0.2573,2025-09
1817,2025-09-10,C361,Bed Frame,Furniture,1,17620,10310,0.1,Hyderabad,Mobile App,17620,15858.0,5548.0,0.3499,2025-09
1854,2025-09-10,C430,Jeans,Apparel,3,1830,780,0.25,Madurai,Mobile App,5490,4117.5,1777.5,0.4317,2025-09
1270,2025-09-11,C533,T-Shirt,Apparel,2,690,320,0.1,Chennai,Mobile App,1380,1242.0,602.0,0.4847,2025-09
1270,2025-09-11,C533,Mixer Grinder,Home & Kitchen,3,4320,2650,0.05,Chennai,Mobile App,12960,12312.0,4362.0,0.3543,2025-09
1722,2025-09-11,C601,Tablet,Electronics,1,18480,12790,0.1,Kochi,Mobile App,18480,16632.0,3842.0,0.231,2025-09
1722,2025-09-11,C601,Office Chair,Furniture,1,7670,4300,0.05,Kochi,Mobile App,7670,7286.5,2986.5,0.4099,2025-09
1977,2025-09-11,C159,Phone Case,Accessories,1,400,190,0.2,Chennai,Web,400,320.0,130.0,0.4062,2025-09
2063,2025-09-11,C117,Dinner Set,Home & Kitchen,1,1890,1240,0.05,Chennai,Mobile App,1890,1795.5,555.5,0.3094,2025-09
1596,2025-09-12,C388,Smart TV,Electronics,1,35270,25940,0.15,Salem,Web,35270,29979.5,4039.5,0.1347,2025-09
1738,2025-09-12,C259,Formal Shirt,Apparel,3,1380,570,0.25,Chennai,Mobile App,4140,3105.0,1395.0,0.4493,2025-09
1738,2025-09-12,C259,Study Table,Furniture,2,6140,3260,0.0,Chennai,Mobile App,12280,12280.0,5760.0,0.4691,2025-09
1738,2025-09-12,C259,Tablet,Electronics,1,18640,13500,0.15,Chennai,Mobile App,18640,15844.0,2344.0,0.1479,2025-09
1008,2025-09-13,C059,Smartwatch,Electronics,1,8210,5910,0.0,Chennai,Web,8210,8210.0,2300.0,0.2801,2025-09
1008,2025-09-13,C059,Kurta,Apparel,4,1180,520,0.2,Chennai,Web,4720,3776.0,1696.0,0.4492,2025-09
1009,2025-09-13,C333,Phone,Electronics,1,20590,14930,0.05,Bengaluru,Web,20590,19560.5,4630.5,0.2367,2025-09
1104,2025-09-14,C012,Tablet,Electronics,1,17520,12130,0.0,Coimbatore,Mobile App,17520,17520.0,5390.0,0.3076,2025-09
1201,2025-09-14,C279,Tablet,Electronics,1,17930,13390,0.1,Kochi,Web,17930,16137.0,2747.0,0.1702,2025-09
1271,2025-09-14,C521,Wallet,Accessories,3,800,400,0.0,Salem,Web,2400,2400.0,1200.0,0.5,2025-09
1318,2025-09-14,C522,Bed Frame,Furniture,1,17440,9950,0.1,Madurai,Mobile App,17440,15696.0,5746.0,0.3661,2025-09
1318,2025-09-14,C522,Bluetooth Speaker,Electronics,1,3560,2560,0.2,Madurai,Mobile App,3560,2848.0,288.0,0.1011,2025-09
1282,2025-09-15,C028,Headphones,Electronics,1,2510,1760,0.3,Chennai,Web,2510,1757.0,-3.0,-0.0017,2025-09
1786,2025-09-15,C217,Study Table,Furniture,1,5860,3350,0.15,Salem,Mobile App,5860,4981.0,1631.0,0.3274,2025-09
1569,2025-09-16,C362,Sunglasses,Accessories,3,1280,640,0.05,Madurai,Web,3840,3648.0,1728.0,0.4737,2025-09
1569,2025-09-16,C362,Formal Shirt,Apparel,2,1400,570,0.15,Madurai,Web,2800,2380.0,1240.0,0.521,2025-09
2094,2025-09-16,C443,Phone Case,Accessories,3,390,190,0.1,Chennai,Mobile App,1170,1053.0,483.0,0.4587,2025-09
2094,2025-09-16,C443,Microwave,Home & Kitchen,1,9740,6050,0.1,Chennai,Mobile App,9740,8766.0,2716.0,0.3098,2025-09
2094,2025-09-16,C443,Formal Shirt,Apparel,3,1380,570,0.05,Chennai,Mobile App,4140,3933.0,2223.0,0.5652,2025-09
1668,2025-09-17,C433,Microwave,Home & Kitchen,3,9450,6020,0.2,Chennai,Mobile App,28350,22680.0,4620.0,0.2037,2025-09
2000,2025-09-17,C178,Bookshelf,Furniture,2,4320,2470,0.05,Salem,Mobile App,8640,8208.0,3268.0,0.3981,2025-09
1140,2025-09-18,C457,Water Purifier,Home & Kitchen,1,11880,7310,0.0,Chennai,Mobile App,11880,11880.0,4570.0,0.3847,2025-09
2026,2025-09-18,C557,Bluetooth Speaker,Electronics,3,3370,2470,0.1,Trichy,Mobile App,10110,9099.0,1689.0,0.1856,2025-09
2033,2025-09-19,C481,Cookware Set,Home & Kitchen,1,2880,1800,0.15,Madurai,Web,2880,2448.0,648.0,0.2647,2025-09
1324,2025-09-20,C287,Tablet,Electronics,1,18350,12760,0.0,Salem,Mobile App,18350,18350.0,5590.0,0.3046,2025-09
1359,2025-09-20,C129,Laptop,Electronics,1,48280,36070,0.1,Chennai,Mobile App,48280,43452.0,7382.0,0.1699,2025-09
1444,2025-09-20,C604,Study Table,Furniture,1,6140,3370,0.15,Trichy,Mobile App,6140,5219.0,1849.0,0.3543,2025-09
1253,2025-09-21,C168,Bed Frame,Furniture,1,18430,10010,0.05,Chennai,Web,18430,17508.5,7498.5,0.4283,2025-09
1253,2025-09-21,C168,Wardrobe,Furniture,1,21420,12110,0.0,Chennai,Web,21420,21420.0,9310.0,0.4346,2025-09
2081,2025-09-21,C208,Sofa Set,Furniture,1,31970,18410,0.15,Coimbatore,Mobile App,31970,27174.5,8764.5,0.3225,2025-09
1113,2025-09-22,C198,Study Table,Furniture,2,6000,3320,0.0,Coimbatore,Mobile App,12000,12000.0,5360.0,0.4467,2025-09
1165,2025-09-22,C372,Headphones,Electronics,2,2450,1820,0.25,Salem,Mobile App,4900,3675.0,35.0,0.0095,2025-09
1519,2025-09-22,C102,Water Purifier,Home & Kitchen,1,12450,8060,0.0,Chennai,Mobile App,12450,12450.0,4390.0,0.3526,2025-09
1671,2025-09-22,C319,Mixer Grinder,Home & Kitchen,1,4030,2520,0.05,Coimbatore,Web,4030,3828.5,1308.5,0.3418,2025-09
1961,2025-09-22,C083,Sofa Set,Furniture,1,31830,16950,0.15,Madurai,Web,31830,27055.5,10105.5,0.3735,2025-09
2078,2025-09-22,C155,Mixer Grinder,Home & Kitchen,1,4180,2700,0.1,Hyderabad,Mobile App,4180,3762.0,1062.0,0.2823,2025-09
1578,2025-09-23,C377,Phone,Electronics,1,20520,14290,0.15,Coimbatore,Mobile App,20520,17442.0,3152.0,0.1807,2025-09
1540,2025-09-24,C130,Bed Frame,Furniture,1,18540,10900,0.05,Chennai,Mobile App,18540,17613.0,6713.0,0.3811,2025-09
1499,2025-09-25,C224,Smartwatch,Electronics,1,8260,5900,0.2,Coimbatore,Web,8260,6608.0,708.0,0.1071,2025-09
1499,2025-09-25,C224,T-Shirt,Apparel,2,680,290,0.05,Coimbatore,Web,1360,1292.0,712.0,0.5511,2025-09
1888,2025-09-25,C597,Formal Shirt,Apparel,5,1430,660,0.05,Coimbatore,Web,7150,6792.5,3492.5,0.5142,2025-09
2043,2025-09-25,C214,Water Purifier,Home & Kitchen,1,12350,8090,0.15,Hyderabad,Web,12350,10497.5,2407.5,0.2293,2025-09
2043,2025-09-25,C214,Jeans,Apparel,4,1730,780,0.1,Hyderabad,Web,6920,6228.0,3108.0,0.499,2025-09
1882,2025-09-26,C082,Belt,Accessories,2,580,270,0.0,Chennai,Web,1160,1160.0,620.0,0.5345,2025-09
1422,2025-09-27,C599,Smartwatch,Electronics,1,8040,5660,0.25,Madurai,Web,8040,6030.0,370.0,0.0614,2025-09
1717,2025-09-27,C412,Smartwatch,Electronics,1,8240,5750,0.05,Chennai,Web,8240,7828.0,2078.0,0.2655,2025-09
1717,2025-09-27,C412,Microwave,Home & Kitchen,1,9160,5650,0.15,Chennai,Web,9160,7786.0,2136.0,0.2743,2025-09
1780,2025-09-27,C347,Pressure Cooker,Home & Kitchen,1,1550,990,0.0,Chennai,Mobile App,1550,1550.0,560.0,0.3613,2025-09
1813,2025-09-27,C624,Laptop Sleeve,Accessories,2,860,400,0.1,Chennai,Web,1720,1548.0,748.0,0.4832,2025-09
1813,2025-09-27,C624,Formal Shirt,Apparel,2,1410,630,0.1,Chennai,Web,2820,2538.0,1278.0,0.5035,2025-09
1109,2025-09-28,C299,Laptop,Electronics,1,51330,36180,0.2,Coimbatore,Mobile App,51330,41064.0,4884.0,0.1189,2025-09
1109,2025-09-28,C299,Cookware Set,Home & Kitchen,4,2740,1720,0.1,Coimbatore,Mobile App,10960,9864.0,2984.0,0.3025,2025-09
1109,2025-09-28,C299,Formal Shirt,Apparel,2,1350,630,0.1,Coimbatore,Mobile App,2700,2430.0,1170.0,0.4815,2025-09
1694,2025-09-28,C061,Smart TV,Electronics,1,33820,24920,0.0,Trichy,Web,33820,33820.0,8900.0,0.2632,2025-09
1696,2025-09-28,C599,Sunglasses,Accessories,2,1280,580,0.05,Madurai,Mobile App,2560,2432.0,1272.0,0.523,2025-09
1696,2025-09-28,C599,Smart TV,Electronics,2,35210,26100,0.15,Madurai,Mobile App,70420,59857.0,7657.0,0.1279,2025-09
1696,2025-09-28,C599,Power Bank,Electronics,1,1450,1060,0.15,Madurai,Mobile App,1450,1232.5,172.5,0.14,2025-09
1744,2025-09-28,C440,Phone,Electronics,1,19870,14020,0.15,Hyderabad,Mobile App,19870,16889.5,2869.5,0.1699,2025-09
1485,2025-09-29,C277,Phone,Electronics,1,19530,13580,0.25,Salem,Web,19530,14647.5,1067.5,0.0729,2025-09
1490,2025-09-30,C599,Phone,Electronics,1,19500,13470,0.2,Madurai,Web,19500,15600.0,2130.0,0.1365,2025-09
1693,2025-09-30,C363,Backpack,Accessories,3,1520,730,0.1,Madurai,Web,4560,4104.0,1914.0,0.4664,2025-09
1693,2025-09-30,C363,Wardrobe,Furniture,1,21740,12330,0.0,Madurai,Web,21740,21740.0,9410.0,0.4328,2025-09
1042,2025-10-01,C314,Belt,Accessories,3,580,270,0.1,Chennai,Mobile App,1740,1566.0,756.0,0.4828,2025-10
1365,2025-10-01,C107,Sofa Set,Furniture,1,30960,17640,0.05,Bengaluru,Web,30960,29412.0,11772.0,0.4002,2025-10
1703,2025-10-01,C273,Laptop,Electronics,1,49400,36030,0.15,Salem,Web,49400,41990.0,5960.0,0.1419,2025-10
1102,2025-10-02,C475,Phone Case,Accessories,3,400,190,0.15,Hyderabad,Web,1200,1020.0,450.0,0.4412,2025-10
1156,2025-10-02,C059,Tablet,Electronics,1,18220,13230,0.25,Chennai,Web,18220,13665.0,435.0,0.0318,2025-10
1156,2025-10-02,C059,Headphones,Electronics,3,2560,1830,0.3,Chennai,Web,7680,5376.0,-114.0,-0.0212,2025-10
1357,2025-10-02,C601,Wardrobe,Furniture,1,22800,12900,0.3,Kochi,Mobile App,22800,15960.0,3060.0,0.1917,2025-10
1591,2025-10-02,C093,Formal Shirt,Apparel,3,1360,570,0.25,Salem,Web,4080,3060.0,1350.0,0.4412,2025-10
1740,2025-10-02,C627,Jeans,Apparel,3,1830,780,0.15,Bengaluru,Mobile App,5490,4666.5,2326.5,0.4986,2025-10
1740,2025-10-02,C627,Bluetooth Speaker,Electronics,2,3500,2470,0.2,Bengaluru,Mobile App,7000,5600.0,660.0,0.1179,2025-10
1809,2025-10-02,C015,Sofa Set,Furniture,1,30780,18070,0.15,Coimbatore,Mobile App,30780,26163.0,8093.0,0.3093,2025-10
1809,2025-10-02,C015,T-Shirt,Apparel,1,720,310,0.05,Coimbatore,Mobile App,720,684.0,374.0,0.5468,2025-10
2129,2025-10-02,C333,Bookshelf,Furniture,1,4630,2630,0.0,Bengaluru,Web,4630,4630.0,2000.0,0.432,2025-10
1367,2025-10-03,C454,Water Purifier,Home & Kitchen,1,11960,7780,0.1,Chennai,Mobile App,11960,10764.0,2984.0,0.2772,2025-10
1386,2025-10-03,C562,Tablet,Electronics,1,18430,13170,0.2,Bengaluru,Web,18430,14744.0,1574.0,0.1068,2025-10
1386,2025-10-03,C562,Headphones,Electronics,2,2530,1770,0.15,Bengaluru,Web,5060,4301.0,761.0,0.1769,2025-10
1388,2025-10-03,C427,Backpack,Accessories,3,1450,710,0.2,Bengaluru,Web,4350,3480.0,1350.0,0.3879,2025-10
1388,2025-10-03,C427,Phone,Electronics,1,19300,14200,0.2,Bengaluru,Web,19300,15440.0,1240.0,0.0803,2025-10
1388,2025-10-03,C427,Office Chair,Furniture,2,7380,4090,0.15,Bengaluru,Web,14760,12546.0,4366.0,0.348,2025-10
1733,2025-10-03,C010,Headphones,Electronics,1,2530,1800,0.2,Trichy,Mobile App,2530,2024.0,224.0,0.1107,2025-10
2028,2025-10-03,C611,Laptop,Electronics,1,49240,36270,0.1,Salem,Mobile App,49240,44316.0,8046.0,0.1816,2025-10
2028,2025-10-03,C611,Sunglasses,Accessories,1,1300,640,0.3,Salem,Mobile App,1300,910.0,270.0,0.2967,2025-10
1023,2025-10-04,C534,Power Bank,Electronics,1,1560,1110,0.1,Bengaluru,Mobile App,1560,1404.0,294.0,0.2094,2025-10
1044,2025-10-04,C156,Bluetooth Speaker,Electronics,2,3500,2460,0.3,Bengaluru,Mobile App,7000,4900.0,-20.0,-0.0041,2025-10
1170,2025-10-04,C526,Microwave,Home & Kitchen,1,9600,5990,0.05,Chennai,Web,9600,9120.0,3130.0,0.3432,2025-10
1170,2025-10-04,C526,Phone,Electronics,1,20070,14810,0.15,Chennai,Web,20070,17059.5,2249.5,0.1319,2025-10
1170,2025-10-04,C526,Belt,Accessories,2,620,290,0.05,Chennai,Web,1240,1178.0,598.0,0.5076,2025-10
1406,2025-10-04,C457,Phone,Electronics,1,20180,14320,0.0,Chennai,Web,20180,20180.0,5860.0,0.2904,2025-10
1782,2025-10-04,C122,Water Purifier,Home & Kitchen,2,12450,8170,0.05,Coimbatore,Mobile App,24900,23655.0,7315.0,0.3092,2025-10
1968,2025-10-04,C097,Jeans,Apparel,1,1760,730,0.1,Salem,Mobile App,1760,1584.0,854.0,0.5391,2025-10
2015,2025-10-04,C465,Bluetooth Speaker,Electronics,2,3540,2530,0.15,Hyderabad,Web,7080,6018.0,958.0,0.1592,2025-10
2015,2025-10-04,C465,Study Table,Furniture,2,5940,3470,0.15,Hyderabad,Web,11880,10098.0,3158.0,0.3127,2025-10
2017,2025-10-04,C628,Sunglasses,Accessories,2,1320,630,0.2,Chennai,Web,2640,2112.0,852.0,0.4034,2025-10
1034,2025-10-05,C544,Kurta,Apparel,2,1220,510,0.15,Kochi,Mobile App,2440,2074.0,1054.0,0.5082,2025-10
1094,2025-10-05,C051,Laptop,Electronics,1,51140,36830,0.2,Bengaluru,Mobile App,51140,40912.0,4082.0,0.0998,2025-10
1298,2025-10-05,C526,T-Shirt,Apparel,1,720,320,0.2,Chennai,Mobile App,720,576.0,256.0,0.4444,2025-10
1391,2025-10-05,C110,Jacket,Apparel,3,2720,1120,0.2,Trichy,Mobile App,8160,6528.0,3168.0,0.4853,2025-10
1807,2025-10-05,C568,Sofa Set,Furniture,1,31420,18480,0.05,Coimbatore,Mobile App,31420,29849.0,11369.0,0.3809,2025-10
1867,2025-10-05,C107,Pressure Cooker,Home & Kitchen,1,1550,1020,0.15,Bengaluru,Web,1550,1317.5,297.5,0.2258,2025-10
1867,2025-10-05,C107,Water Purifier,Home & Kitchen,1,12240,7700,0.3,Bengaluru,Web,12240,8568.0,868.0,0.1013,2025-10
1307,2025-10-06,C107,Dinner Set,Home & Kitchen,1,1880,1210,0.3,Bengaluru,Web,1880,1316.0,106.0,0.0805,2025-10
1451,2025-10-06,C373,Phone,Electronics,1,19510,13850,0.25,Salem,Web,19510,14632.5,782.5,0.0535,2025-10
1471,2025-10-06,C125,Power Bank,Electronics,3,1450,1070,0.1,Bengaluru,Web,4350,3915.0,705.0,0.1801,2025-10
1575,2025-10-06,C512,Formal Shirt,Apparel,1,1410,610,0.25,Bengaluru,Mobile App,1410,1057.5,447.5,0.4232,2025-10
1575,2025-10-06,C512,Saree,Apparel,1,3540,1460,0.0,Bengaluru,Mobile App,3540,3540.0,2080.0,0.5876,2025-10
1013,2025-10-07,C220,Kurta,Apparel,3,1190,530,0.1,Chennai,Mobile App,3570,3213.0,1623.0,0.5051,2025-10
1459,2025-10-07,C026,Cookware Set,Home & Kitchen,1,2800,1740,0.3,Madurai,Mobile App,2800,1960.0,220.0,0.1122,2025-10
1468,2025-10-07,C367,Wardrobe,Furniture,1,21560,12080,0.0,Hyderabad,Mobile App,21560,21560.0,9480.0,0.4397,2025-10
1820,2025-10-07,C440,Bed Frame,Furniture,1,17950,10400,0.3,Hyderabad,Mobile App,17950,12565.0,2165.0,0.1723,2025-10
1820,2025-10-07,C440,Saree,Apparel,1,3450,1530,0.25,Hyderabad,Mobile App,3450,2587.5,1057.5,0.4087,2025-10
1820,2025-10-07,C440,Phone,Electronics,1,19660,14190,0.2,Hyderabad,Mobile App,19660,15728.0,1538.0,0.0978,2025-10
1906,2025-10-07,C268,Sofa Set,Furniture,1,30820,17350,0.05,Coimbatore,Mobile App,30820,29279.0,11929.0,0.4074,2025-10
1906,2025-10-07,C268,T-Shirt,Apparel,1,690,310,0.3,Coimbatore,Mobile App,690,483.0,173.0,0.3582,2025-10
1927,2025-10-07,C393,Bluetooth Speaker,Electronics,2,3640,2680,0.25,Coimbatore,Mobile App,7280,5460.0,100.0,0.0183,2025-10
1943,2025-10-07,C602,Study Table,Furniture,1,6150,3540,0.0,Salem,Web,6150,6150.0,2610.0,0.4244,2025-10
1014,2025-10-08,C556,Bluetooth Speaker,Electronics,3,3400,2500,0.25,Chennai,Web,10200,7650.0,150.0,0.0196,2025-10
1014,2025-10-08,C556,Mixer Grinder,Home & Kitchen,2,4320,2700,0.3,Chennai,Web,8640,6048.0,648.0,0.1071,2025-10
1014,2025-10-08,C556,Jeans,Apparel,2,1810,810,0.25,Chennai,Web,3620,2715.0,1095.0,0.4033,2025-10
1850,2025-10-08,C612,Bed Frame,Furniture,2,18320,10230,0.0,Unknown,Web,36640,36640.0,16180.0,0.4416,2025-10
2007,2025-10-08,C533,Laptop,Electronics,1,48040,33940,0.15,Chennai,Web,48040,40834.0,6894.0,0.1688,2025-10
2144,2025-10-08,C503,Belt,Accessories,2,600,280,0.2,Bengaluru,Web,1200,960.0,400.0,0.4167,2025-10
2144,2025-10-08,C503,Smartwatch,Electronics,1,8190,5940,0.25,Bengaluru,Web,8190,6142.5,202.5,0.033,2025-10
1202,2025-10-09,C010,Phone,Electronics,1,20680,15180,0.25,Trichy,Mobile App,20680,15510.0,330.0,0.0213,2025-10
1202,2025-10-09,C010,Backpack,Accessories,2,1490,670,0.15,Trichy,Mobile App,2980,2533.0,1193.0,0.471,2025-10
1309,2025-10-09,C620,Smartwatch,Electronics,3,8060,5710,0.15,Hyderabad,Web,24180,20553.0,3423.0,0.1665,2025-10
1309,2025-10-09,C620,Dinner Set,Home & Kitchen,1,1910,1170,0.0,Hyderabad,Web,1910,1910.0,740.0,0.3874,2025-10
1442,2025-10-09,C207,Tablet,Electronics,2,18450,13460,0.3,Kochi,Mobile App,36900,25830.0,-1090.0,-0.0422,2025-10
1874,2025-10-09,C317,T-Shirt,Apparel,3,700,290,0.2,Chennai,Mobile App,2100,1680.0,810.0,0.4821,2025-10
1874,2025-10-09,C317,Headphones,Electronics,1,2520,1850,0.25,Chennai,Mobile App,2520,1890.0,40.0,0.0212,2025-10
1874,2025-10-09,C317,Bluetooth Speaker,Electronics,1,3490,2600,0.25,Chennai,Mobile App,3490,2617.5,17.5,0.0067,2025-10
1030,2025-10-10,C566,Phone,Electronics,1,19520,13780,0.1,Madurai,Web,19520,17568.0,3788.0,0.2156,2025-10
1089,2025-10-10,C347,Kurta,Apparel,2,1150,470,0.05,Chennai,Web,2300,2185.0,1245.0,0.5698,2025-10
1089,2025-10-10,C347,Pressure Cooker,Home & Kitchen,1,1600,1020,0.05,Chennai,Web,1600,1520.0,500.0,0.3289,2025-10
1262,2025-10-10,C359,Jeans,Apparel,2,1770,740,0.3,Salem,Mobile App,3540,2478.0,998.0,0.4027,2025-10
1262,2025-10-10,C359,Water Purifier,Home & Kitchen,1,11830,7360,0.1,Salem,Mobile App,11830,10647.0,3287.0,0.3087,2025-10
1440,2025-10-10,C202,Water Purifier,Home & Kitchen,1,12250,7500,0.05,Salem,Web,12250,11637.5,4137.5,0.3555,2025-10
1548,2025-10-11,C503,Mixer Grinder,Home & Kitchen,1,4110,2600,0.15,Bengaluru,Mobile App,4110,3493.5,893.5,0.2558,2025-10
1645,2025-10-11,C097,Laptop,Electronics,1,48190,33280,0.15,Salem,Web,48190,40961.5,7681.5,0.1875,2025-10
1076,2025-10-12,C008,Microwave,Home & Kitchen,1,9800,6160,0.2,Bengaluru,Mobile App,9800,7840.0,1680.0,0.2143,2025-10
1429,2025-10-12,C532,Bluetooth Speaker,Electronics,2,3540,2460,0.2,Hyderabad,Mobile App,7080,5664.0,744.0,0.1314,2025-10
1617,2025-10-12,C072,Bookshelf,Furniture,1,4330,2510,0.25,Hyderabad,Web,4330,3247.5,737.5,0.2271,2025-10
1617,2025-10-12,C072,Smart TV,Electronics,1,34210,25610,0.2,Hyderabad,Web,34210,27368.0,1758.0,0.0642,2025-10
1617,2025-10-12,C072,Phone,Electronics,2,19800,14080,0.3,Hyderabad,Web,39600,27720.0,-440.0,-0.0159,2025-10
1993,2025-10-12,C411,T-Shirt,Apparel,1,700,300,0.25,Coimbatore,Mobile App,700,525.0,225.0,0.4286,2025-10
1038,2025-10-13,C351,Power Bank,Electronics,1,1450,1020,0.25,Madurai,Mobile App,1450,1087.5,67.5,0.0621,2025-10
1095,2025-10-13,C352,Backpack,Accessories,2,1530,750,0.1,Chennai,Mobile App,3060,2754.0,1254.0,0.4553,2025-10
1095,2025-10-13,C352,Laptop,Electronics,1,50120,35270,0.25,Chennai,Mobile App,50120,37590.0,2320.0,0.0617,2025-10
1159,2025-10-13,C513,Laptop,Electronics,1,49600,34480,0.25,Chennai,Web,49600,37200.0,2720.0,0.0731,2025-10
1160,2025-10-13,C128,Bed Frame,Furniture,1,18220,9870,0.2,Chennai,Web,18220,14576.0,4706.0,0.3229,2025-10
1208,2025-10-13,C432,Phone,Electronics,1,19290,13800,0.2,Chennai,Mobile App,19290,15432.0,1632.0,0.1058,2025-10
1231,2025-10-13,C385,Laptop,Electronics,1,48450,33940,0.1,Chennai,Web,48450,43605.0,9665.0,0.2216,2025-10
1231,2025-10-13,C385,Sofa Set,Furniture,1,32790,17890,0.1,Chennai,Web,32790,29511.0,11621.0,0.3938,2025-10
1462,2025-10-13,C185,Dinner Set,Home & Kitchen,4,1900,1230,0.2,Bengaluru,Web,7600,6080.0,1160.0,0.1908,2025-10
1812,2025-10-13,C429,Phone Case,Accessories,1,390,180,0.1,Bengaluru,Web,390,351.0,171.0,0.4872,2025-10
2102,2025-10-13,C436,Laptop,Electronics,1,51130,38210,0.2,Chennai,Web,51130,40904.0,2694.0,0.0659,2025-10
2102,2025-10-13,C436,Sofa Set,Furniture,1,31530,18440,0.2,Chennai,Web,31530,25224.0,6784.0,0.269,2025-10
2102,2025-10-13,C436,Phone Case,Accessories,1,390,200,0.2,Chennai,Web,390,312.0,112.0,0.359,2025-10
1006,2025-10-14,C014,Formal Shirt,Apparel,3,1370,600,0.05,Madurai,Mobile App,4110,3904.5,2104.5,0.539,2025-10
1142,2025-10-14,C383,Sofa Set,Furniture,1,31470,18000,0.0,Coimbatore,Mobile App,31470,31470.0,13470.0,0.428,2025-10
1852,2025-10-14,C638,Jeans,Apparel,1,1790,750,0.1,Chennai,Mobile App,1790,1611.0,861.0,0.5345,2025-10
2147,2025-10-14,C451,Smart TV,Electronics,1,34320,25570,0.3,Hyderabad,Mobile App,34320,24024.0,-1546.0,-0.0644,2025-10
1088,2025-10-15,C470,Mixer Grinder,Home & Kitchen,1,4100,2550,0.2,Unknown,Web,4100,3280.0,730.0,0.2226,2025-10
1207,2025-10-15,C587,Smartwatch,Electronics,1,7730,5620,0.15,Bengaluru,Mobile App,7730,6570.5,950.5,0.1447,2025-10
1252,2025-10-15,C348,Sunglasses,Accessories,1,1250,620,0.05,Hyderabad,Mobile App,1250,1187.5,567.5,0.4779,2025-10
1414,2025-10-15,C617,Sofa Set,Furniture,1,32280,18960,0.2,Chennai,Mobile App,32280,25824.0,6864.0,0.2658,2025-10
1676,2025-10-15,C087,Laptop Sleeve,Accessories,2,920,440,0.15,Madurai,Web,1840,1564.0,684.0,0.4373,2025-10
1784,2025-10-15,C571,Phone,Electronics,1,20610,14440,0.25,Coimbatore,Web,20610,15457.5,1017.5,0.0658,2025-10
1822,2025-10-15,C188,Bookshelf,Furniture,1,4490,2400,0.2,Bengaluru,Mobile App,4490,3592.0,1192.0,0.3318,2025-10
1822,2025-10-15,C188,T-Shirt,Apparel,4,710,310,0.25,Bengaluru,Mobile App,2840,2130.0,890.0,0.4178,2025-10
1822,2025-10-15,C188,Water Purifier,Home & Kitchen,1,12220,8150,0.1,Bengaluru,Mobile App,12220,10998.0,2848.0,0.259,2025-10
1203,2025-10-16,C392,Pressure Cooker,Home & Kitchen,4,1600,980,0.2,Salem,Mobile App,6400,5120.0,1200.0,0.2344,2025-10
1203,2025-10-16,C392,Laptop Sleeve,Accessories,3,910,420,0.15,Salem,Mobile App,2730,2320.5,1060.5,0.457,2025-10
1576,2025-10-16,C521,Belt,Accessories,3,620,280,0.1,Salem,Mobile App,1860,1674.0,834.0,0.4982,2025-10
1604,2025-10-16,C592,Belt,Accessories,1,610,280,0.1,Hyderabad,Mobile App,610,549.0,269.0,0.49,2025-10
1721,2025-10-16,C244,Microwave,Home & Kitchen,3,9240,5660,0.3,Chennai,Web,27720,19404.0,2424.0,0.1249,2025-10
1721,2025-10-16,C244,Headphones,Electronics,1,2480,1810,0.3,Chennai,Web,2480,1736.0,-74.0,-0.0426,2025-10
1879,2025-10-16,C240,Microwave,Home & Kitchen,1,9740,6280,0.05,Chennai,Web,9740,9253.0,2973.0,0.3213,2025-10
1879,2025-10-16,C240,Phone,Electronics,1,19720,14280,0.15,Chennai,Web,19720,16762.0,2482.0,0.1481,2025-10
1938,2025-10-16,C517,Laptop Sleeve,Accessories,1,920,420,0.1,Trichy,Mobile App,920,828.0,408.0,0.4928,2025-10
1118,2025-10-17,C591,Office Chair,Furniture,1,7800,4530,0.2,Madurai,Mobile App,7800,6240.0,1710.0,0.274,2025-10
1206,2025-10-17,C004,Microwave,Home & Kitchen,1,9510,5920,0.1,Chennai,Web,9510,8559.0,2639.0,0.3083,2025-10
1518,2025-10-17,C168,Kurta,Apparel,5,1240,520,0.05,Chennai,Mobile App,6200,5890.0,3290.0,0.5586,2025-10
1583,2025-10-17,C230,Power Bank,Electronics,1,1530,1130,0.0,Salem,Mobile App,1530,1530.0,400.0,0.2614,2025-10
2039,2025-10-17,C347,Water Purifier,Home & Kitchen,1,11530,7640,0.3,Chennai,Web,11530,8071.0,431.0,0.0534,2025-10
2039,2025-10-17,C347,Laptop,Electronics,1,48240,35570,0.25,Chennai,Web,48240,36180.0,610.0,0.0169,2025-10
2076,2025-10-17,C518,Jacket,Apparel,1,2830,1210,0.0,Salem,Mobile App,2830,2830.0,1620.0,0.5724,2025-10
2076,2025-10-17,C518,Tablet,Electronics,1,17910,12880,0.2,Salem,Mobile App,17910,14328.0,1448.0,0.1011,2025-10
1954,2025-10-18,C153,Headphones,Electronics,3,2580,1870,0.2,Salem,Web,7740,6192.0,582.0,0.094,2025-10
1954,2025-10-18,C153,Dinner Set,Home & Kitchen,2,1870,1150,0.3,Salem,Web,3740,2618.0,318.0,0.1215,2025-10
1955,2025-10-18,C478,Microwave,Home & Kitchen,1,9240,5940,0.3,Bengaluru,Web,9240,6468.0,528.0,0.0816,2025-10
1966,2025-10-18,C456,Microwave,Home & Kitchen,2,9240,5980,0.15,Chennai,Mobile App,18480,15708.0,3748.0,0.2386,2025-10
1966,2025-10-18,C456,T-Shirt,Apparel,4,670,280,0.3,Chennai,Mobile App,2680,1876.0,756.0,0.403,2025-10
1105,2025-10-19,C252,Headphones,Electronics,2,2480,1800,0.25,Bengaluru,Mobile App,4960,3720.0,120.0,0.0323,2025-10
1105,2025-10-19,C252,Smart TV,Electronics,1,33850,23930,0.3,Bengaluru,Mobile App,33850,23695.0,-235.0,-0.0099,2025-10
1526,2025-10-19,C361,Laptop,Electronics,1,51920,37400,0.2,Hyderabad,Mobile App,51920,41536.0,4136.0,0.0996,2025-10
1526,2025-10-19,C361,Sofa Set,Furniture,1,33140,17560,0.3,Hyderabad,Mobile App,33140,23198.0,5638.0,0.243,2025-10
1551,2025-10-19,C535,Mixer Grinder,Home & Kitchen,2,4120,2620,0.25,Hyderabad,Web,8240,6180.0,940.0,0.1521,2025-10
1823,2025-10-19,C357,Phone,Electronics,1,20700,15430,0.15,Madurai,Web,20700,17595.0,2165.0,0.123,2025-10
1823,2025-10-19,C357,Backpack,Accessories,1,1460,700,0.15,Madurai,Web,1460,1241.0,541.0,0.4359,2025-10
1829,2025-10-19,C073,Sofa Set,Furniture,1,31470,18080,0.0,Madurai,Mobile App,31470,31470.0,13390.0,0.4255,2025-10
1845,2025-10-19,C194,Kurta,Apparel,5,1210,510,0.3,Salem,Mobile App,6050,4235.0,1685.0,0.3979,2025-10
1845,2025-10-19,C194,Mixer Grinder,Home & Kitchen,1,4300,2820,0.3,Salem,Mobile App,4300,3010.0,190.0,0.0631,2025-10
1982,2025-10-19,C066,Formal Shirt,Apparel,5,1440,620,0.0,Salem,Mobile App,7200,7200.0,4100.0,0.5694,2025-10
1982,2025-10-19,C066,Sofa Set,Furniture,1,31030,16690,0.2,Salem,Mobile App,31030,24824.0,8134.0,0.3277,2025-10
2092,2025-10-19,C433,Smart TV,Electronics,1,33830,24960,0.2,Chennai,Web,33830,27064.0,2104.0,0.0777,2025-10
1132,2025-10-20,C495,Headphones,Electronics,1,2450,1750,0.25,Chennai,Mobile App,2450,1837.5,87.5,0.0476,2025-10
1296,2025-10-20,C565,T-Shirt,Apparel,1,680,290,0.15,Coimbatore,Web,680,578.0,288.0,0.4983,2025-10
1517,2025-10-20,C624,Laptop,Electronics,1,50900,36880,0.3,Chennai,Web,50900,35630.0,-1250.0,-0.0351,2025-10
1517,2025-10-20,C624,Smartwatch,Electronics,2,7770,5460,0.25,Chennai,Web,15540,11655.0,735.0,0.0631,2025-10
1595,2025-10-20,C091,Phone,Electronics,1,19370,13460,0.3,Bengaluru,Mobile App,19370,13559.0,99.0,0.0073,2025-10
1886,2025-10-20,C487,Kurta,Apparel,5,1220,510,0.2,Madurai,Mobile App,6100,4880.0,2330.0,0.4775,2025-10
2117,2025-10-20,C387,Cookware Set,Home & Kitchen,2,2730,1830,0.1,Bengaluru,Web,5460,4914.0,1254.0,0.2552,2025-10
1580,2025-10-21,C126,Wallet,Accessories,1,790,380,0.3,Hyderabad,Web,790,553.0,173.0,0.3128,2025-10
1663,2025-10-21,C636,Bluetooth Speaker,Electronics,2,3570,2560,0.3,Kochi,Web,7140,4998.0,-122.0,-0.0244,2025-10
1764,2025-10-21,C550,Smartwatch,Electronics,1,8270,6040,0.2,Chennai,Web,8270,6616.0,576.0,0.0871,2025-10
1764,2025-10-21,C550,Jacket,Apparel,1,2810,1220,0.15,Chennai,Web,2810,2388.5,1168.5,0.4892,2025-10
1764,2025-10-21,C550,Laptop,Electronics,1,49700,34800,0.2,Chennai,Web,49700,39760.0,4960.0,0.1247,2025-10
1919,2025-10-21,C266,Laptop,Electronics,1,49540,34260,0.2,Madurai,Mobile App,49540,39632.0,5372.0,0.1355,2025-10
1960,2025-10-21,C505,Smartwatch,Electronics,1,8010,5970,0.3,Madurai,Mobile App,8010,5607.0,-363.0,-0.0647,2025-10
1155,2025-10-22,C431,Bookshelf,Furniture,1,4650,2630,0.2,Chennai,Mobile App,4650,3720.0,1090.0,0.293,2025-10
1498,2025-10-22,C313,Phone,Electronics,1,19490,14560,0.25,Chennai,Web,19490,14617.5,57.5,0.0039,2025-10
1683,2025-10-22,C312,Bed Frame,Furniture,3,17700,10090,0.15,Chennai,Mobile App,53100,45135.0,14865.0,0.3293,2025-10
1821,2025-10-22,C635,Mixer Grinder,Home & Kitchen,2,4360,2770,0.2,Salem,Mobile App,8720,6976.0,1436.0,0.2058,2025-10
1331,2025-10-23,C203,T-Shirt,Apparel,2,720,310,0.2,Salem,Mobile App,1440,1152.0,532.0,0.4618,2025-10
1331,2025-10-23,C203,Smart TV,Electronics,1,36240,26580,0.05,Salem,Mobile App,36240,34428.0,7848.0,0.228,2025-10
1331,2025-10-23,C203,Bed Frame,Furniture,1,17310,10070,0.15,Salem,Mobile App,17310,14713.5,4643.5,0.3156,2025-10
1360,2025-10-23,C332,Jacket,Apparel,2,2830,1180,0.15,Coimbatore,Mobile App,5660,4811.0,2451.0,0.5095,2025-10
1360,2025-10-23,C332,Smart TV,Electronics,1,35990,25180,0.15,Coimbatore,Mobile App,35990,30591.5,5411.5,0.1769,2025-10
1441,2025-10-23,C491,Headphones,Electronics,1,2510,1760,0.3,Madurai,Mobile App,2510,1757.0,-3.0,-0.0017,2025-10
1441,2025-10-23,C491,Backpack,Accessories,2,1440,710,0.25,Madurai,Mobile App,2880,2160.0,740.0,0.3426,2025-10
1571,2025-10-23,C379,Phone Case,Accessories,1,410,200,0.2,Hyderabad,Mobile App,410,328.0,128.0,0.3902,2025-10
1574,2025-10-23,C249,Smart TV,Electronics,1,33800,23820,0.3,Kochi,Web,33800,23660.0,-160.0,-0.0068,2025-10
1619,2025-10-23,C405,Headphones,Electronics,1,2570,1880,0.15,Hyderabad,Mobile App,2570,2184.5,304.5,0.1394,2025-10
1661,2025-10-23,C438,Cookware Set,Home & Kitchen,4,2880,1860,0.2,Coimbatore,Web,11520,9216.0,1776.0,0.1927,2025-10
1841,2025-10-23,C632,Wallet,Accessories,1,790,400,0.05,Bengaluru,Mobile App,790,750.5,350.5,0.467,2025-10
2011,2025-10-23,C507,Study Table,Furniture,1,5790,3310,0.1,Madurai,Web,5790,5211.0,1901.0,0.3648,2025-10
2011,2025-10-23,C507,Wardrobe,Furniture,1,22680,12970,0.0,Madurai,Web,22680,22680.0,9710.0,0.4281,2025-10
1237,2025-10-24,C213,Formal Shirt,Apparel,1,1350,560,0.15,Salem,Mobile App,1350,1147.5,587.5,0.512,2025-10
1308,2025-10-24,C233,Tablet,Electronics,3,17610,12270,0.05,Salem,Web,52830,50188.5,13378.5,0.2666,2025-10
1515,2025-10-24,C330,Phone Case,Accessories,5,410,210,0.15,Hyderabad,Mobile App,2050,1742.5,692.5,0.3974,2025-10
1549,2025-10-24,C523,Sofa Set,Furniture,1,32870,17740,0.1,Hyderabad,Mobile App,32870,29583.0,11843.0,0.4003,2025-10
1173,2025-10-25,C116,Smartwatch,Electronics,1,8040,5660,0.25,Coimbatore,Mobile App,8040,6030.0,370.0,0.0614,2025-10
1225,2025-10-25,C163,Kurta,Apparel,2,1170,510,0.2,Chennai,Mobile App,2340,1872.0,852.0,0.4551,2025-10
1788,2025-10-25,C209,Headphones,Electronics,1,2480,1800,0.25,Chennai,Web,2480,1860.0,60.0,0.0323,2025-10
2024,2025-10-25,C272,Smartwatch,Electronics,1,8290,5930,0.15,Bengaluru,Mobile App,8290,7046.5,1116.5,0.1584,2025-10
2133,2025-10-25,C156,Cookware Set,Home & Kitchen,4,2720,1670,0.25,Bengaluru,Mobile App,10880,8160.0,1480.0,0.1814,2025-10
1016,2025-10-26,C597,Office Chair,Furniture,1,7670,4480,0.15,Coimbatore,Mobile App,7670,6519.5,2039.5,0.3128,2025-10
1097,2025-10-26,C249,Bluetooth Speaker,Electronics,2,3460,2420,0.15,Kochi,Mobile App,6920,5882.0,1042.0,0.1772,2025-10
1097,2025-10-26,C249,Bookshelf,Furniture,2,4360,2310,0.2,Kochi,Mobile App,8720,6976.0,2356.0,0.3377,2025-10
1423,2025-10-26,C183,Cookware Set,Home & Kitchen,2,2810,1760,0.15,Chennai,Mobile App,5620,4777.0,1257.0,0.2631,2025-10
1423,2025-10-26,C183,Sofa Set,Furniture,1,33270,18180,0.1,Chennai,Mobile App,33270,29943.0,11763.0,0.3928,2025-10
1423,2025-10-26,C183,Laptop Sleeve,Accessories,1,910,460,0.3,Chennai,Mobile App,910,637.0,177.0,0.2779,2025-10
1495,2025-10-26,C442,Bluetooth Speaker,Electronics,2,3480,2580,0.05,Bengaluru,Web,6960,6612.0,1452.0,0.2196,2025-10
1495,2025-10-26,C442,Smartwatch,Electronics,1,7870,5890,0.15,Bengaluru,Web,7870,6689.5,799.5,0.1195,2025-10
1531,2025-10-26,C550,Formal Shirt,Apparel,1,1410,610,0.3,Chennai,Web,1410,987.0,377.0,0.382,2025-10
1626,2025-10-26,C465,Phone,Electronics,1,20650,14890,0.05,Hyderabad,Mobile App,20650,19617.5,4727.5,0.241,2025-10
1626,2025-10-26,C465,Jeans,Apparel,2,1810,760,0.3,Hyderabad,Mobile App,3620,2534.0,1014.0,0.4002,2025-10
1622,2025-10-27,C063,Belt,Accessories,4,620,290,0.2,Chennai,Mobile App,2480,1984.0,824.0,0.4153,2025-10
1840,2025-10-27,C249,Wardrobe,Furniture,1,21120,12150,0.15,Kochi,Mobile App,21120,17952.0,5802.0,0.3232,2025-10
1952,2025-10-27,C601,T-Shirt,Apparel,1,680,320,0.3,Kochi,Web,680,476.0,156.0,0.3277,2025-10
2068,2025-10-27,C144,Smart TV,Electronics,1,35890,25150,0.2,Coimbatore,Mobile App,35890,28712.0,3562.0,0.1241,2025-10
1342,2025-10-28,C096,T-Shirt,Apparel,1,720,330,0.3,Chennai,Web,720,504.0,174.0,0.3452,2025-10
1853,2025-10-28,C200,Bookshelf,Furniture,2,4590,2500,0.05,Chennai,Web,9180,8721.0,3721.0,0.4267,2025-10
1447,2025-10-29,C559,Bluetooth Speaker,Electronics,4,3610,2610,0.15,Hyderabad,Mobile App,14440,12274.0,1834.0,0.1494,2025-10
1757,2025-10-29,C242,Wardrobe,Furniture,2,21630,11580,0.15,Coimbatore,Web,43260,36771.0,13611.0,0.3702,2025-10
1948,2025-10-29,C385,Phone,Electronics,1,20600,15030,0.3,Chennai,Web,20600,14420.0,-610.0,-0.0423,2025-10
1085,2025-10-30,C479,Wardrobe,Furniture,2,21920,11680,0.05,Bengaluru,Mobile App,43840,41648.0,18288.0,0.4391,2025-10
1476,2025-10-30,C181,Phone,Electronics,1,19540,13900,0.15,Trichy,Mobile App,19540,16609.0,2709.0,0.1631,2025-10
1476,2025-10-30,C181,Mixer Grinder,Home & Kitchen,1,4160,2550,0.1,Trichy,Mobile App,4160,3744.0,1194.0,0.3189,2025-10
1476,2025-10-30,C181,Bluetooth Speaker,Electronics,1,3470,2490,0.25,Trichy,Mobile App,3470,2602.5,112.5,0.0432,2025-10
1007,2025-10-31,C033,Saree,Apparel,2,3600,1650,0.05,Salem,Mobile App,7200,6840.0,3540.0,0.5175,2025-10
1007,2025-10-31,C033,Bluetooth Speaker,Electronics,3,3500,2440,0.3,Salem,Mobile App,10500,7350.0,30.0,0.0041,2025-10
1116,2025-10-31,C218,T-Shirt,Apparel,1,690,290,0.2,Salem,Mobile App,690,552.0,262.0,0.4746,2025-10
1775,2025-10-31,C603,Headphones,Electronics,2,2450,1830,0.0,Coimbatore,Mobile App,4900,4900.0,1240.0,0.2531,2025-10
1775,2025-10-31,C603,Sofa Set,Furniture,1,32070,17010,0.0,Coimbatore,Mobile App,32070,32070.0,15060.0,0.4696,2025-10
1775,2025-10-31,C603,Laptop Sleeve,Accessories,3,890,410,0.0,Coimbatore,Mobile App,2670,2670.0,1440.0,0.5393,2025-10
2104,2025-10-31,C226,Jacket,Apparel,3,2800,1240,0.3,Madurai,Web,8400,5880.0,2160.0,0.3673,2025-10
1063,2025-11-01,C224,Phone Case,Accessories,1,410,210,0.2,Coimbatore,Mobile App,410,328.0,118.0,0.3598,2025-11
1238,2025-11-01,C221,Laptop,Electronics,1,48370,36100,0.3,Chennai,Web,48370,33859.0,-2241.0,-0.0662,2025-11
1438,2025-11-01,C263,Tablet,Electronics,1,18180,12800,0.3,Salem,Web,18180,12726.0,-74.0,-0.0058,2025-11
1839,2025-11-01,C607,Bookshelf,Furniture,3,4630,2480,0.2,Unknown,Mobile App,13890,11112.0,3672.0,0.3305,2025-11
1865,2025-11-01,C005,Backpack,Accessories,2,1490,750,0.15,Chennai,Web,2980,2533.0,1033.0,0.4078,2025-11
2080,2025-11-01,C175,Power Bank,Electronics,2,1540,1110,0.15,Chennai,Mobile App,3080,2618.0,398.0,0.152,2025-11
1078,2025-11-02,C224,Kurta,Apparel,4,1160,530,0.15,Coimbatore,Mobile App,4640,3944.0,1824.0,0.4625,2025-11
1211,2025-11-02,C479,Backpack,Accessories,3,1490,730,0.25,Bengaluru,Mobile App,4470,3352.5,1162.5,0.3468,2025-11
1511,2025-11-02,C104,Smart TV,Electronics,1,35670,26620,0.05,Chennai,Web,35670,33886.5,7266.5,0.2144,2025-11
1935,2025-11-02,C336,Backpack,Accessories,1,1500,690,0.3,Coimbatore,Mobile App,1500,1050.0,360.0,0.3429,2025-11
2057,2025-11-02,C060,Tablet,Electronics,1,18170,13580,0.25,Coimbatore,Mobile App,18170,13627.5,47.5,0.0035,2025-11
2057,2025-11-02,C060,Phone Case,Accessories,1,390,190,0.25,Coimbatore,Mobile App,390,292.5,102.5,0.3504,2025-11
2058,2025-11-02,C290,Phone,Electronics,1,19550,13620,0.15,Unknown,Mobile App,19550,16617.5,2997.5,0.1804,2025-11
1117,2025-11-03,C584,Tablet,Electronics,1,17900,12760,0.3,Bengaluru,Web,17900,12530.0,-230.0,-0.0184,2025-11
1275,2025-11-03,C050,Cookware Set,Home & Kitchen,1,2750,1690,0.15,Chennai,Web,2750,2337.5,647.5,0.277,2025-11
1454,2025-11-03,C341,Office Chair,Furniture,2,7670,4410,0.1,Chennai,Mobile App,15340,13806.0,4986.0,0.3611,2025-11
1998,2025-11-03,C377,Tablet,Electronics,1,17500,12990,0.15,Coimbatore,Web,17500,14875.0,1885.0,0.1267,2025-11
2119,2025-11-03,C362,Laptop,Electronics,1,49810,34380,0.3,Madurai,Mobile App,49810,34867.0,487.0,0.014,2025-11
2119,2025-11-03,C362,Bed Frame,Furniture,1,18390,10170,0.0,Madurai,Mobile App,18390,18390.0,8220.0,0.447,2025-11
1093,2025-11-04,C405,Tablet,Electronics,1,18520,13340,0.05,Hyderabad,Web,18520,17594.0,4254.0,0.2418,2025-11
1695,2025-11-04,C540,Tablet,Electronics,1,18630,13890,0.25,Hyderabad,Mobile App,18630,13972.5,82.5,0.0059,2025-11
1043,2025-11-05,C618,Mixer Grinder,Home & Kitchen,2,4070,2580,0.0,Chennai,Mobile App,8140,8140.0,2980.0,0.3661,2025-11
1043,2025-11-05,C618,Sofa Set,Furniture,1,32910,18330,0.15,Chennai,Mobile App,32910,27973.5,9643.5,0.3447,2025-11
1154,2025-11-05,C315,Power Bank,Electronics,2,1550,1140,0.25,Coimbatore,Mobile App,3100,2325.0,45.0,0.0194,2025-11
1698,2025-11-05,C517,Wallet,Accessories,1,810,390,0.15,Trichy,Web,810,688.5,298.5,0.4336,2025-11
1698,2025-11-05,C517,Backpack,Accessories,1,1520,750,0.3,Trichy,Web,1520,1064.0,314.0,0.2951,2025-11
1794,2025-11-05,C068,Smartwatch,Electronics,1,8120,6010,0.2,Salem,Web,8120,6496.0,486.0,0.0748,2025-11
2097,2025-11-05,C193,Bluetooth Speaker,Electronics,1,3430,2400,0.05,Salem,Mobile App,3430,3258.5,858.5,0.2635,2025-11
1274,2025-11-06,C238,Laptop Sleeve,Accessories,1,910,460,0.2,Trichy,Web,910,728.0,268.0,0.3681,2025-11
1333,2025-11-06,C612,Sofa Set,Furniture,2,31090,16800,0.1,Hyderabad,Web,62180,55962.0,22362.0,0.3996,2025-11
1333,2025-11-06,C612,Bluetooth Speaker,Electronics,2,3520,2510,0.1,Hyderabad,Web,7040,6336.0,1316.0,0.2077,2025-11
1630,2025-11-06,C023,Study Table,Furniture,3,5880,3390,0.2,Hyderabad,Mobile App,17640,14112.0,3942.0,0.2793,2025-11
2115,2025-11-06,C616,Saree,Apparel,1,3580,1570,0.2,Chennai,Mobile App,3580,2864.0,1294.0,0.4518,2025-11
2115,2025-11-06,C616,Wallet,Accessories,2,830,380,0.0,Chennai,Mobile App,1660,1660.0,900.0,0.5422,2025-11
1392,2025-11-07,C148,Headphones,Electronics,1,2410,1760,0.15,Madurai,Mobile App,2410,2048.5,288.5,0.1408,2025-11
1392,2025-11-07,C148,Phone Case,Accessories,2,390,180,0.2,Madurai,Mobile App,780,624.0,264.0,0.4231,2025-11
1433,2025-11-07,C099,Bluetooth Speaker,Electronics,2,3480,2600,0.15,Chennai,Mobile App,6960,5916.0,716.0,0.121,2025-11
1508,2025-11-07,C089,Sunglasses,Accessories,1,1340,660,0.05,Coimbatore,Web,1340,1273.0,613.0,0.4815,2025-11
1508,2025-11-07,C089,Mixer Grinder,Home & Kitchen,2,4060,2580,0.05,Coimbatore,Web,8120,7714.0,2554.0,0.3311,2025-11
1520,2025-11-07,C060,Wallet,Accessories,3,810,380,0.25,Coimbatore,Mobile App,2430,1822.5,682.5,0.3745,2025-11
1520,2025-11-07,C060,Mixer Grinder,Home & Kitchen,2,4290,2840,0.1,Coimbatore,Mobile App,8580,7722.0,2042.0,0.2644,2025-11
1678,2025-11-07,C517,Study Table,Furniture,2,6030,3300,0.1,Trichy,Mobile App,12060,10854.0,4254.0,0.3919,2025-11
1896,2025-11-07,C301,Mixer Grinder,Home & Kitchen,2,4070,2670,0.2,Bengaluru,Mobile App,8140,6512.0,1172.0,0.18,2025-11
1161,2025-11-08,C313,Headphones,Electronics,1,2460,1790,0.15,Chennai,Web,2460,2091.0,301.0,0.144,2025-11
1161,2025-11-08,C313,Bluetooth Speaker,Electronics,2,3620,2520,0.15,Chennai,Web,7240,6154.0,1114.0,0.181,2025-11
1294,2025-11-08,C381,Phone Case,Accessories,2,390,190,0.15,Bengaluru,Web,780,663.0,283.0,0.4268,2025-11
1410,2025-11-08,C140,Bluetooth Speaker,Electronics,2,3470,2410,0.1,Bengaluru,Mobile App,6940,6246.0,1426.0,0.2283,2025-11
1410,2025-11-08,C140,Belt,Accessories,3,590,300,0.15,Bengaluru,Mobile App,1770,1504.5,604.5,0.4018,2025-11
1487,2025-11-08,C328,Mixer Grinder,Home & Kitchen,1,4120,2710,0.3,Bengaluru,Web,4120,2884.0,174.0,0.0603,2025-11
1910,2025-11-08,C527,Phone Case,Accessories,2,410,200,0.1,Madurai,Mobile App,820,738.0,338.0,0.458,2025-11
1244,2025-11-09,C466,Dinner Set,Home & Kitchen,2,1960,1260,0.3,Trichy,Web,3920,2744.0,224.0,0.0816,2025-11
1244,2025-11-09,C466,Phone,Electronics,1,20220,15080,0.15,Trichy,Web,20220,17187.0,2107.0,0.1226,2025-11
1766,2025-11-09,C039,Formal Shirt,Apparel,1,1350,590,0.0,Trichy,Mobile App,1350,1350.0,760.0,0.563,2025-11
1766,2025-11-09,C039,Sunglasses,Accessories,1,1320,660,0.15,Trichy,Mobile App,1320,1122.0,462.0,0.4118,2025-11
1766,2025-11-09,C039,Phone Case,Accessories,3,390,180,0.15,Trichy,Mobile App,1170,994.5,454.5,0.457,2025-11
1805,2025-11-09,C319,Formal Shirt,Apparel,2,1400,590,0.0,Coimbatore,Web,2800,2800.0,1620.0,0.5786,2025-11
1895,2025-11-09,C432,Kurta,Apparel,1,1250,520,0.25,Chennai,Mobile App,1250,937.5,417.5,0.4453,2025-11
1901,2025-11-09,C601,Belt,Accessories,1,590,280,0.15,Kochi,Mobile App,590,501.5,221.5,0.4417,2025-11
2108,2025-11-09,C601,Laptop,Electronics,1,51810,37150,0.15,Kochi,Web,51810,44038.5,6888.5,0.1564,2025-11
2143,2025-11-09,C252,Cookware Set,Home & Kitchen,1,2810,1810,0.05,Bengaluru,Web,2810,2669.5,859.5,0.322,2025-11
2143,2025-11-09,C252,Laptop Sleeve,Accessories,5,930,450,0.3,Bengaluru,Web,4650,3255.0,1005.0,0.3088,2025-11
2143,2025-11-09,C252,Microwave,Home & Kitchen,3,9860,6020,0.1,Bengaluru,Web,29580,26622.0,8562.0,0.3216,2025-11
1334,2025-11-10,C450,Headphones,Electronics,1,2590,1840,0.25,Chennai,Mobile App,2590,1942.5,102.5,0.0528,2025-11
1366,2025-11-10,C527,Phone,Electronics,1,20260,14200,0.15,Madurai,Web,20260,17221.0,3021.0,0.1754,2025-11
1530,2025-11-10,C135,Study Table,Furniture,4,5790,3320,0.2,Chennai,Web,23160,18528.0,5248.0,0.2832,2025-11
1530,2025-11-10,C135,Power Bank,Electronics,2,1450,1020,0.25,Chennai,Web,2900,2175.0,135.0,0.0621,2025-11
1664,2025-11-10,C581,Laptop,Electronics,1,49410,36200,0.25,Chennai,Mobile App,49410,37057.5,857.5,0.0231,2025-11
1856,2025-11-10,C141,Phone,Electronics,1,19860,14180,0.0,Kochi,Mobile App,19860,19860.0,5680.0,0.286,2025-11
1881,2025-11-10,C385,Study Table,Furniture,1,6080,3470,0.15,Chennai,Mobile App,6080,5168.0,1698.0,0.3286,2025-11
1936,2025-11-10,C484,Phone,Electronics,2,20520,15250,0.2,Kochi,Mobile App,41040,32832.0,2332.0,0.071,2025-11
1936,2025-11-10,C484,Bed Frame,Furniture,1,17460,10300,0.0,Kochi,Mobile App,17460,17460.0,7160.0,0.4101,2025-11
1936,2025-11-10,C484,Power Bank,Electronics,2,1500,1060,0.05,Kochi,Mobile App,3000,2850.0,730.0,0.2561,2025-11
2085,2025-11-10,C139,Smart TV,Electronics,1,36000,25410,0.0,Bengaluru,Mobile App,36000,36000.0,10590.0,0.2942,2025-11
1164,2025-11-11,C205,Phone,Electronics,1,20320,14040,0.25,Trichy,Mobile App,20320,15240.0,1200.0,0.0787,2025-11
1164,2025-11-11,C205,Laptop,Electronics,1,48680,34420,0.2,Trichy,Mobile App,48680,38944.0,4524.0,0.1162,2025-11
1728,2025-11-11,C170,Smart TV,Electronics,1,34780,26050,0.2,Unknown,Web,34780,27824.0,1774.0,0.0638,2025-11
1810,2025-11-11,C319,T-Shirt,Apparel,2,690,320,0.15,Coimbatore,Web,1380,1173.0,533.0,0.4544,2025-11
1862,2025-11-11,C154,Bluetooth Speaker,Electronics,2,3490,2550,0.2,Coimbatore,Web,6980,5584.0,484.0,0.0867,2025-11
1242,2025-11-12,C563,Sunglasses,Accessories,2,1310,600,0.0,Madurai,Web,2620,2620.0,1420.0,0.542,2025-11
1785,2025-11-12,C479,Headphones,Electronics,2,2530,1810,0.3,Bengaluru,Mobile App,5060,3542.0,-78.0,-0.022,2025-11
1974,2025-11-12,C344,Jacket,Apparel,2,2800,1230,0.1,Trichy,Mobile App,5600,5040.0,2580.0,0.5119,2025-11
1965,2025-11-13,C247,Formal Shirt,Apparel,1,1430,600,0.15,Chennai,Mobile App,1430,1215.5,615.5,0.5064,2025-11
1965,2025-11-13,C247,Smart TV,Electronics,1,35470,25150,0.05,Chennai,Mobile App,35470,33696.5,8546.5,0.2536,2025-11
1699,2025-11-14,C041,Office Chair,Furniture,1,7590,4220,0.25,Bengaluru,Web,7590,5692.5,1472.5,0.2587,2025-11
1989,2025-11-14,C410,Water Purifier,Home & Kitchen,1,12030,7930,0.3,Hyderabad,Web,12030,8421.0,491.0,0.0583,2025-11
1989,2025-11-14,C410,Phone,Electronics,1,20370,14950,0.25,Hyderabad,Web,20370,15277.5,327.5,0.0214,2025-11
1191,2025-11-15,C427,Dinner Set,Home & Kitchen,2,1920,1180,0.2,Bengaluru,Mobile App,3840,3072.0,712.0,0.2318,2025-11
1260,2025-11-15,C604,Laptop,Electronics,1,50580,35770,0.15,Trichy,Web,50580,42993.0,7223.0,0.168,2025-11
1260,2025-11-15,C604,Cookware Set,Home & Kitchen,1,2900,1850,0.2,Trichy,Web,2900,2320.0,470.0,0.2026,2025-11
1610,2025-11-15,C209,Wardrobe,Furniture,1,22250,12220,0.15,Chennai,Web,22250,18912.5,6692.5,0.3539,2025-11
1687,2025-11-15,C113,Power Bank,Electronics,1,1550,1130,0.2,Madurai,Mobile App,1550,1240.0,110.0,0.0887,2025-11
1737,2025-11-15,C089,Smartwatch,Electronics,2,8270,6200,0.3,Coimbatore,Web,16540,11578.0,-822.0,-0.071,2025-11
1737,2025-11-15,C089,Mixer Grinder,Home & Kitchen,3,4080,2540,0.25,Coimbatore,Web,12240,9180.0,1560.0,0.1699,2025-11
1776,2025-11-15,C511,Dinner Set,Home & Kitchen,4,1860,1200,0.25,Chennai,Mobile App,7440,5580.0,780.0,0.1398,2025-11
2116,2025-11-15,C216,Headphones,Electronics,4,2480,1740,0.25,Salem,Web,9920,7440.0,480.0,0.0645,2025-11
2116,2025-11-15,C216,Backpack,Accessories,2,1510,770,0.3,Salem,Web,3020,2114.0,574.0,0.2715,2025-11
2125,2025-11-15,C302,Study Table,Furniture,1,6170,3570,0.15,Madurai,Mobile App,6170,5244.5,1674.5,0.3193,2025-11
2149,2025-11-15,C265,Pressure Cooker,Home & Kitchen,4,1650,1050,0.25,Chennai,Web,6600,4950.0,750.0,0.1515,2025-11
2149,2025-11-15,C265,T-Shirt,Apparel,1,680,300,0.2,Chennai,Web,680,544.0,244.0,0.4485,2025-11
1709,2025-11-16,C479,T-Shirt,Apparel,1,690,280,0.05,Bengaluru,Mobile App,690,655.5,375.5,0.5728,2025-11
1990,2025-11-16,C454,Formal Shirt,Apparel,1,1350,570,0.0,Chennai,Mobile App,1350,1350.0,780.0,0.5778,2025-11
2009,2025-11-16,C608,Laptop,Electronics,1,48480,33860,0.3,Salem,Mobile App,48480,33936.0,76.0,0.0022,2025-11
1126,2025-11-17,C048,Kurta,Apparel,4,1150,520,0.1,Bengaluru,Mobile App,4600,4140.0,2060.0,0.4976,2025-11
1281,2025-11-17,C330,Cookware Set,Home & Kitchen,1,2840,1760,0.0,Hyderabad,Mobile App,2840,2840.0,1080.0,0.3803,2025-11
1281,2025-11-17,C330,Bluetooth Speaker,Electronics,1,3400,2400,0.2,Hyderabad,Mobile App,3400,2720.0,320.0,0.1176,2025-11
1460,2025-11-17,C041,Smart TV,Electronics,1,33760,24340,0.3,Bengaluru,Web,33760,23632.0,-708.0,-0.03,2025-11
1747,2025-11-17,C600,Mixer Grinder,Home & Kitchen,1,4070,2600,0.0,Salem,Mobile App,4070,4070.0,1470.0,0.3612,2025-11
2003,2025-11-17,C614,Mixer Grinder,Home & Kitchen,1,4200,2660,0.0,Coimbatore,Web,4200,4200.0,1540.0,0.3667,2025-11
2111,2025-11-17,C460,Phone Case,Accessories,2,400,190,0.05,Madurai,Web,800,760.0,380.0,0.5,2025-11
1026,2025-11-18,C561,Headphones,Electronics,1,2580,1930,0.3,Bengaluru,Mobile App,2580,1806.0,-124.0,-0.0687,2025-11
1082,2025-11-18,C598,Power Bank,Electronics,3,1500,1090,0.25,Bengaluru,Mobile App,4500,3375.0,105.0,0.0311,2025-11
1600,2025-11-18,C205,T-Shirt,Apparel,4,680,310,0.25,Trichy,Web,2720,2040.0,800.0,0.3922,2025-11
1669,2025-11-18,C319,Cookware Set,Home & Kitchen,4,2790,1730,0.2,Coimbatore,Mobile App,11160,8928.0,2008.0,0.2249,2025-11
1059,2025-11-19,C550,Study Table,Furniture,1,5820,3290,0.05,Chennai,Web,5820,5529.0,2239.0,0.405,2025-11
1059,2025-11-19,C550,Phone,Electronics,1,19480,14040,0.15,Chennai,Web,19480,16558.0,2518.0,0.1521,2025-11
1384,2025-11-19,C145,Pressure Cooker,Home & Kitchen,1,1550,1010,0.05,Bengaluru,Web,1550,1472.5,462.5,0.3141,2025-11
1430,2025-11-19,C451,Jacket,Apparel,2,2740,1220,0.0,Hyderabad,Web,5480,5480.0,3040.0,0.5547,2025-11
1830,2025-11-19,C131,Laptop,Electronics,1,48850,34590,0.15,Salem,Web,48850,41522.5,6932.5,0.167,2025-11
1923,2025-11-19,C026,Office Chair,Furniture,1,7740,4330,0.3,Madurai,Web,7740,5418.0,1088.0,0.2008,2025-11
1144,2025-11-20,C605,Laptop,Electronics,1,50550,36030,0.0,Salem,Web,50550,50550.0,14520.0,0.2872,2025-11
1188,2025-11-20,C022,Power Bank,Electronics,3,1460,1070,0.25,Chennai,Mobile App,4380,3285.0,75.0,0.0228,2025-11
1481,2025-11-20,C479,Laptop,Electronics,2,51690,37520,0.25,Bengaluru,Web,103380,77535.0,2495.0,0.0322,2025-11
1371,2025-11-21,C264,Phone,Electronics,1,19230,14390,0.1,Coimbatore,Web,19230,17307.0,2917.0,0.1685,2025-11
1507,2025-11-21,C314,T-Shirt,Apparel,1,680,300,0.2,Chennai,Mobile App,680,544.0,244.0,0.4485,2025-11
1675,2025-11-21,C641,Microwave,Home & Kitchen,2,9530,6030,0.15,Madurai,Web,19060,16201.0,4141.0,0.2556,2025-11
1681,2025-11-21,C270,Kurta,Apparel,1,1190,490,0.15,Madurai,Web,1190,1011.5,521.5,0.5156,2025-11
1681,2025-11-21,C270,Laptop,Electronics,1,49940,36520,0.0,Madurai,Web,49940,49940.0,13420.0,0.2687,2025-11
1754,2025-11-21,C458,Smartwatch,Electronics,2,7850,5470,0.25,Coimbatore,Web,15700,11775.0,835.0,0.0709,2025-11
1754,2025-11-21,C458,Phone,Electronics,1,20380,14390,0.0,Coimbatore,Web,20380,20380.0,5990.0,0.2939,2025-11
1950,2025-11-21,C307,Headphones,Electronics,1,2500,1750,0.25,Salem,Mobile App,2500,1875.0,125.0,0.0667,2025-11
1950,2025-11-21,C307,Microwave,Home & Kitchen,1,9160,5710,0.05,Salem,Mobile App,9160,8702.0,2992.0,0.3438,2025-11
1958,2025-11-21,C377,Phone Case,Accessories,5,410,200,0.1,Coimbatore,Web,2050,1845.0,845.0,0.458,2025-11
2124,2025-11-21,C300,Bluetooth Speaker,Electronics,4,3560,2640,0.2,Madurai,Web,14240,11392.0,832.0,0.073,2025-11
2124,2025-11-21,C300,Kurta,Apparel,1,1190,490,0.15,Madurai,Web,1190,1011.5,521.5,0.5156,2025-11
2124,2025-11-21,C300,T-Shirt,Apparel,4,680,290,0.1,Madurai,Web,2720,2448.0,1288.0,0.5261,2025-11
1077,2025-11-22,C548,Headphones,Electronics,1,2460,1760,0.15,Trichy,Mobile App,2460,2091.0,331.0,0.1583,2025-11
1149,2025-11-22,C284,Smart TV,Electronics,1,35630,25720,0.2,Unknown,Mobile App,35630,28504.0,2784.0,0.0977,2025-11
1149,2025-11-22,C284,Smartwatch,Electronics,2,8080,5660,0.15,Unknown,Mobile App,16160,13736.0,2416.0,0.1759,2025-11
1149,2025-11-22,C284,Phone,Electronics,1,20220,14390,0.25,Unknown,Mobile App,20220,15165.0,775.0,0.0511,2025-11
1380,2025-11-22,C441,Laptop,Electronics,1,51520,36650,0.25,Salem,Web,51520,38640.0,1990.0,0.0515,2025-11
1389,2025-11-22,C010,Sofa Set,Furniture,1,31250,17580,0.15,Trichy,Mobile App,31250,26562.5,8982.5,0.3382,2025-11
1389,2025-11-22,C010,Laptop,Electronics,2,49120,35450,0.25,Trichy,Mobile App,98240,73680.0,2780.0,0.0377,2025-11
1790,2025-11-22,C105,Laptop,Electronics,1,51240,36760,0.15,Bengaluru,Mobile App,51240,43554.0,6794.0,0.156,2025-11
2084,2025-11-22,C007,Bookshelf,Furniture,1,4470,2590,0.15,Coimbatore,Mobile App,4470,3799.5,1209.5,0.3183,2025-11
1057,2025-11-23,C550,Smartwatch,Electronics,2,8080,5950,0.25,Chennai,Mobile App,16160,12120.0,220.0,0.0182,2025-11
1228,2025-11-23,C127,Jeans,Apparel,1,1800,790,0.25,Salem,Web,1800,1350.0,560.0,0.4148,2025-11
1286,2025-11-23,C038,Tablet,Electronics,1,18630,13170,0.2,Trichy,Web,18630,14904.0,1734.0,0.1163,2025-11
1286,2025-11-23,C038,Sofa Set,Furniture,1,30960,16510,0.15,Trichy,Web,30960,26316.0,9806.0,0.3726,2025-11
1652,2025-11-23,C020,Office Chair,Furniture,1,7750,4210,0.3,Chennai,Mobile App,7750,5425.0,1215.0,0.224,2025-11
2049,2025-11-23,C604,Bookshelf,Furniture,3,4450,2440,0.15,Trichy,Mobile App,13350,11347.5,4027.5,0.3549,2025-11
2049,2025-11-23,C604,Power Bank,Electronics,3,1470,1050,0.25,Trichy,Mobile App,4410,3307.5,157.5,0.0476,2025-11
2114,2025-11-23,C174,Smart TV,Electronics,1,36350,26990,0.0,Chennai,Mobile App,36350,36350.0,9360.0,0.2575,2025-11
1598,2025-11-24,C322,Headphones,Electronics,1,2460,1760,0.25,Bengaluru,Mobile App,2460,1845.0,85.0,0.0461,2025-11
1660,2025-11-24,C457,Backpack,Accessories,2,1460,660,0.1,Chennai,Web,2920,2628.0,1308.0,0.4977,2025-11
1816,2025-11-24,C400,Microwave,Home & Kitchen,1,9250,5840,0.3,Chennai,Mobile App,9250,6475.0,635.0,0.0981,2025-11
1172,2025-11-25,C420,Phone,Electronics,1,19710,14640,0.25,Madurai,Mobile App,19710,14782.5,142.5,0.0096,2025-11
1172,2025-11-25,C420,T-Shirt,Apparel,2,700,300,0.3,Madurai,Mobile App,1400,980.0,380.0,0.3878,2025-11
1172,2025-11-25,C420,Backpack,Accessories,2,1550,720,0.0,Madurai,Mobile App,3100,3100.0,1660.0,0.5355,2025-11
1221,2025-11-25,C246,Study Table,Furniture,1,6080,3400,0.1,Kochi,Web,6080,5472.0,2072.0,0.3787,2025-11
1328,2025-11-25,C582,Tablet,Electronics,1,17870,13210,0.15,Trichy,Mobile App,17870,15189.5,1979.5,0.1303,2025-11
1639,2025-11-25,C007,Wardrobe,Furniture,1,22520,13150,0.1,Coimbatore,Web,22520,20268.0,7118.0,0.3512,2025-11
1926,2025-11-25,C161,Wallet,Accessories,1,800,380,0.0,Bengaluru,Web,800,800.0,420.0,0.525,2025-11
1053,2025-11-26,C079,Bed Frame,Furniture,1,18100,10320,0.2,Bengaluru,Web,18100,14480.0,4160.0,0.2873,2025-11
1196,2025-11-26,C509,Bluetooth Speaker,Electronics,3,3450,2520,0.25,Salem,Web,10350,7762.5,202.5,0.0261,2025-11
1196,2025-11-26,C509,Headphones,Electronics,1,2540,1850,0.1,Salem,Web,2540,2286.0,436.0,0.1907,2025-11
1241,2025-11-26,C256,Jeans,Apparel,1,1780,770,0.3,Bengaluru,Web,1780,1246.0,476.0,0.382,2025-11
1806,2025-11-26,C182,Headphones,Electronics,1,2410,1770,0.05,Chennai,Mobile App,2410,2289.5,519.5,0.2269,2025-11
1849,2025-11-26,C590,Study Table,Furniture,2,5860,3180,0.25,Hyderabad,Mobile App,11720,8790.0,2430.0,0.2765,2025-11
1394,2025-11-27,C262,Headphones,Electronics,3,2420,1770,0.05,Coimbatore,Mobile App,7260,6897.0,1587.0,0.2301,2025-11
1394,2025-11-27,C262,Smart TV,Electronics,1,36090,25930,0.15,Coimbatore,Mobile App,36090,30676.5,4746.5,0.1547,2025-11
1864,2025-11-27,C506,Tablet,Electronics,1,17720,12680,0.3,Unknown,Web,17720,12404.0,-276.0,-0.0223,2025-11
2136,2025-11-27,C438,Cookware Set,Home & Kitchen,2,2790,1740,0.05,Coimbatore,Web,5580,5301.0,1821.0,0.3435,2025-11
1005,2025-11-28,C367,Smartwatch,Electronics,1,7990,5850,0.3,Hyderabad,Web,7990,5593.0,-257.0,-0.046,2025-11
1005,2025-11-28,C367,Sunglasses,Accessories,4,1340,600,0.1,Hyderabad,Web,5360,4824.0,2424.0,0.5025,2025-11
1284,2025-11-28,C514,Smartwatch,Electronics,1,8280,6200,0.05,Bengaluru,Mobile App,8280,7866.0,1666.0,0.2118,2025-11
1439,2025-11-28,C121,Phone,Electronics,1,20780,14790,0.0,Coimbatore,Mobile App,20780,20780.0,5990.0,0.2883,2025-11
1482,2025-11-28,C045,Saree,Apparel,2,3510,1640,0.1,Chennai,Web,7020,6318.0,3038.0,0.4808,2025-11
1680,2025-11-28,C078,Cookware Set,Home & Kitchen,1,2850,1750,0.05,Chennai,Web,2850,2707.5,957.5,0.3536,2025-11
1680,2025-11-28,C078,Jacket,Apparel,2,2800,1190,0.25,Chennai,Web,5600,4200.0,1820.0,0.4333,2025-11
1767,2025-11-28,C369,Phone,Electronics,1,19760,14300,0.2,Coimbatore,Web,19760,15808.0,1508.0,0.0954,2025-11
1834,2025-11-28,C251,Office Chair,Furniture,3,7640,4450,0.0,Coimbatore,Web,22920,22920.0,9570.0,0.4175,2025-11
1323,2025-11-29,C335,Kurta,Apparel,2,1230,570,0.1,Salem,Mobile App,2460,2214.0,1074.0,0.4851,2025-11
1323,2025-11-29,C335,Headphones,Electronics,1,2520,1790,0.2,Salem,Mobile App,2520,2016.0,226.0,0.1121,2025-11
1325,2025-11-29,C435,Wardrobe,Furniture,1,21490,12420,0.05,Chennai,Web,21490,20415.5,7995.5,0.3916,2025-11
1325,2025-11-29,C435,Jeans,Apparel,1,1790,790,0.15,Chennai,Web,1790,1521.5,731.5,0.4808,2025-11
1516,2025-11-29,C147,Phone,Electronics,1,20570,14680,0.25,Salem,Mobile App,20570,15427.5,747.5,0.0485,2025-11
1516,2025-11-29,C147,Bookshelf,Furniture,2,4610,2680,0.1,Salem,Mobile App,9220,8298.0,2938.0,0.3541,2025-11
1516,2025-11-29,C147,Saree,Apparel,1,3470,1530,0.2,Salem,Mobile App,3470,2776.0,1246.0,0.4488,2025-11
1558,2025-11-29,C631,Mixer Grinder,Home & Kitchen,1,4130,2590,0.1,Unknown,Mobile App,4130,3717.0,1127.0,0.3032,2025-11
1697,2025-11-29,C245,Study Table,Furniture,1,6110,3580,0.25,Madurai,Mobile App,6110,4582.5,1002.5,0.2188,2025-11
1300,2025-11-30,C070,Phone,Electronics,1,19550,13710,0.2,Salem,Mobile App,19550,15640.0,1930.0,0.1234,2025-11
1382,2025-11-30,C079,T-Shirt,Apparel,3,690,290,0.15,Bengaluru,Web,2070,1759.5,889.5,0.5055,2025-11
1415,2025-11-30,C494,Wardrobe,Furniture,1,21550,12690,0.1,Chennai,Web,21550,19395.0,6705.0,0.3457,2025-11
1415,2025-11-30,C494,Water Purifier,Home & Kitchen,1,11540,7520,0.0,Chennai,Web,11540,11540.0,4020.0,0.3484,2025-11
1427,2025-11-30,C150,Jeans,Apparel,2,1860,850,0.25,Madurai,Web,3720,2790.0,1090.0,0.3907,2025-11
1500,2025-11-30,C567,Cookware Set,Home & Kitchen,2,2710,1660,0.0,Chennai,Mobile App,5420,5420.0,2100.0,0.3875,2025-11
1602,2025-11-30,C389,Headphones,Electronics,3,2570,1840,0.25,Hyderabad,Mobile App,7710,5782.5,262.5,0.0454,2025-11
1918,2025-11-30,C619,Laptop,Electronics,1,50420,37760,0.15,Madurai,Mobile App,50420,42857.0,5097.0,0.1189,2025-11
2048,2025-11-30,C274,Smartwatch,Electronics,1,7850,5540,0.2,Coimbatore,Mobile App,7850,6280.0,740.0,0.1178,2025-11
2118,2025-11-30,C451,Mixer Grinder,Home & Kitchen,1,4290,2810,0.3,Hyderabad,Web,4290,3003.0,193.0,0.0643,2025-11
2118,2025-11-30,C451,Phone,Electronics,1,20020,14790,0.1,Hyderabad,Web,20020,18018.0,3228.0,0.1792,2025-11
1265,2025-12-01,C545,Jeans,Apparel,1,1820,810,0.3,Salem,Mobile App,1820,1274.0,464.0,0.3642,2025-12
1795,2025-12-01,C171,Dinner Set,Home & Kitchen,3,1960,1270,0.15,Bengaluru,Mobile App,5880,4998.0,1188.0,0.2377,2025-12
1795,2025-12-01,C171,Saree,Apparel,2,3390,1420,0.0,Bengaluru,Mobile App,6780,6780.0,3940.0,0.5811,2025-12
2131,2025-12-01,C397,Backpack,Accessories,4,1470,680,0.0,Unknown,Web,5880,5880.0,3160.0,0.5374,2025-12
1143,2025-12-02,C048,Formal Shirt,Apparel,1,1450,640,0.0,Bengaluru,Mobile App,1450,1450.0,810.0,0.5586,2025-12
1106,2025-12-03,C113,Water Purifier,Home & Kitchen,1,11710,7800,0.05,Madurai,Mobile App,11710,11124.5,3324.5,0.2988,2025-12
1151,2025-12-04,C103,Smartwatch,Electronics,1,8300,5950,0.2,Kochi,Web,8300,6640.0,690.0,0.1039,2025-12
1151,2025-12-04,C103,Water Purifier,Home & Kitchen,2,12060,7510,0.3,Kochi,Web,24120,16884.0,1864.0,0.1104,2025-12
1151,2025-12-04,C103,Bluetooth Speaker,Electronics,1,3460,2550,0.2,Kochi,Web,3460,2768.0,218.0,0.0788,2025-12
1528,2025-12-04,C408,Smart TV,Electronics,1,35900,25280,0.1,Chennai,Mobile App,35900,32310.0,7030.0,0.2176,2025-12
2137,2025-12-04,C333,Mixer Grinder,Home & Kitchen,1,4200,2800,0.05,Bengaluru,Mobile App,4200,3990.0,1190.0,0.2982,2025-12
2137,2025-12-04,C333,Sofa Set,Furniture,1,31130,17960,0.15,Bengaluru,Mobile App,31130,26460.5,8500.5,0.3213,2025-12
1018,2025-12-05,C113,Jeans,Apparel,1,1780,760,0.25,Madurai,Mobile App,1780,1335.0,575.0,0.4307,2025-12
1615,2025-12-05,C164,Laptop,Electronics,1,51130,37110,0.2,Coimbatore,Mobile App,51130,40904.0,3794.0,0.0928,2025-12
1863,2025-12-05,C475,Water Purifier,Home & Kitchen,1,12330,8100,0.3,Hyderabad,Mobile App,12330,8631.0,531.0,0.0615,2025-12
1863,2025-12-05,C475,Phone,Electronics,1,20440,14360,0.0,Hyderabad,Mobile App,20440,20440.0,6080.0,0.2975,2025-12
1027,2025-12-06,C102,Laptop,Electronics,1,51510,36330,0.0,Chennai,Web,51510,51510.0,15180.0,0.2947,2025-12
1027,2025-12-06,C102,Sunglasses,Accessories,3,1290,600,0.0,Chennai,Web,3870,3870.0,2070.0,0.5349,2025-12
1027,2025-12-06,C102,Pressure Cooker,Home & Kitchen,1,1610,1000,0.15,Chennai,Web,1610,1368.5,368.5,0.2693,2025-12
1079,2025-12-06,C185,Phone,Electronics,1,20170,14940,0.05,Bengaluru,Web,20170,19161.5,4221.5,0.2203,2025-12
1174,2025-12-06,C389,Office Chair,Furniture,1,7560,4330,0.2,Hyderabad,Mobile App,7560,6048.0,1718.0,0.2841,2025-12
1472,2025-12-06,C157,Cookware Set,Home & Kitchen,3,2740,1790,0.2,Coimbatore,Web,8220,6576.0,1206.0,0.1834,2025-12
1550,2025-12-06,C403,Phone,Electronics,1,19260,13750,0.3,Chennai,Mobile App,19260,13482.0,-268.0,-0.0199,2025-12
1705,2025-12-06,C439,Pressure Cooker,Home & Kitchen,1,1660,1090,0.15,Chennai,Mobile App,1660,1411.0,321.0,0.2275,2025-12
1833,2025-12-06,C315,Backpack,Accessories,3,1540,770,0.1,Coimbatore,Mobile App,4620,4158.0,1848.0,0.4444,2025-12
1833,2025-12-06,C315,Tablet,Electronics,1,17570,12820,0.0,Coimbatore,Mobile App,17570,17570.0,4750.0,0.2703,2025-12
1045,2025-12-07,C391,Wardrobe,Furniture,1,22110,12540,0.1,Chennai,Web,22110,19899.0,7359.0,0.3698,2025-12
1124,2025-12-07,C597,Smart TV,Electronics,1,36060,26070,0.1,Coimbatore,Mobile App,36060,32454.0,6384.0,0.1967,2025-12
1124,2025-12-07,C597,Power Bank,Electronics,3,1460,1010,0.2,Coimbatore,Mobile App,4380,3504.0,474.0,0.1353,2025-12
1124,2025-12-07,C597,Laptop Sleeve,Accessories,1,910,410,0.0,Coimbatore,Mobile App,910,910.0,500.0,0.5495,2025-12
1336,2025-12-07,C158,T-Shirt,Apparel,4,720,310,0.1,Salem,Mobile App,2880,2592.0,1352.0,0.5216,2025-12
1424,2025-12-07,C032,Phone,Electronics,1,19330,14000,0.2,Hyderabad,Mobile App,19330,15464.0,1464.0,0.0947,2025-12
1424,2025-12-07,C032,Tablet,Electronics,1,17680,12640,0.0,Hyderabad,Mobile App,17680,17680.0,5040.0,0.2851,2025-12
1726,2025-12-07,C279,Backpack,Accessories,1,1520,740,0.05,Kochi,Web,1520,1444.0,704.0,0.4875,2025-12
1190,2025-12-09,C169,Sofa Set,Furniture,1,32130,17590,0.1,Coimbatore,Web,32130,28917.0,11327.0,0.3917,2025-12
1226,2025-12-09,C160,Dinner Set,Home & Kitchen,2,1840,1180,0.0,Madurai,Mobile App,3680,3680.0,1320.0,0.3587,2025-12
1512,2025-12-09,C109,Bookshelf,Furniture,2,4320,2310,0.2,Bengaluru,Mobile App,8640,6912.0,2292.0,0.3316,2025-12
1512,2025-12-09,C109,Office Chair,Furniture,1,7560,4110,0.1,Bengaluru,Mobile App,7560,6804.0,2694.0,0.3959,2025-12
1512,2025-12-09,C109,Phone Case,Accessories,3,390,180,0.2,Bengaluru,Mobile App,1170,936.0,396.0,0.4231,2025-12
1607,2025-12-09,C319,Cookware Set,Home & Kitchen,2,2830,1840,0.05,Coimbatore,Mobile App,5660,5377.0,1697.0,0.3156,2025-12
1607,2025-12-09,C319,Headphones,Electronics,1,2540,1830,0.25,Coimbatore,Mobile App,2540,1905.0,75.0,0.0394,2025-12
1607,2025-12-09,C319,Formal Shirt,Apparel,1,1340,620,0.0,Coimbatore,Mobile App,1340,1340.0,720.0,0.5373,2025-12
1348,2025-12-10,C173,Laptop,Electronics,1,48530,34430,0.2,Bengaluru,Mobile App,48530,38824.0,4394.0,0.1132,2025-12
1570,2025-12-10,C031,Laptop,Electronics,1,51260,37900,0.3,Salem,Web,51260,35882.0,-2018.0,-0.0562,2025-12
1570,2025-12-10,C031,Study Table,Furniture,1,6110,3390,0.05,Salem,Web,6110,5804.5,2414.5,0.416,2025-12
1797,2025-12-10,C156,Water Purifier,Home & Kitchen,1,12240,8140,0.0,Bengaluru,Web,12240,12240.0,4100.0,0.335,2025-12
1797,2025-12-10,C156,Phone,Electronics,1,19540,13990,0.2,Bengaluru,Web,19540,15632.0,1642.0,0.105,2025-12
1024,2025-12-11,C443,Kurta,Apparel,3,1170,530,0.05,Chennai,Web,3510,3334.5,1744.5,0.5232,2025-12
1590,2025-12-11,C220,Smart TV,Electronics,1,35940,26680,0.1,Chennai,Mobile App,35940,32346.0,5666.0,0.1752,2025-12
1637,2025-12-11,C323,Phone,Electronics,1,19250,13870,0.1,Chennai,Mobile App,19250,17325.0,3455.0,0.1994,2025-12
1765,2025-12-11,C106,Office Chair,Furniture,2,7320,4150,0.05,Coimbatore,Mobile App,14640,13908.0,5608.0,0.4032,2025-12
2038,2025-12-11,C551,Jeans,Apparel,2,1750,760,0.05,Bengaluru,Web,3500,3325.0,1805.0,0.5429,2025-12
1263,2025-12-12,C228,Bed Frame,Furniture,2,18560,10000,0.05,Bengaluru,Web,37120,35264.0,15264.0,0.4328,2025-12
1456,2025-12-12,C150,Wallet,Accessories,4,770,380,0.05,Madurai,Mobile App,3080,2926.0,1406.0,0.4805,2025-12
1783,2025-12-12,C538,Smartwatch,Electronics,2,8220,5990,0.05,Hyderabad,Web,16440,15618.0,3638.0,0.2329,2025-12
1783,2025-12-12,C538,Jacket,Apparel,2,2720,1120,0.0,Hyderabad,Web,5440,5440.0,3200.0,0.5882,2025-12
1611,2025-12-13,C375,Sofa Set,Furniture,1,31930,17030,0.25,Hyderabad,Mobile App,31930,23947.5,6917.5,0.2889,2025-12
2012,2025-12-13,C472,Wardrobe,Furniture,1,21430,11370,0.1,Madurai,Web,21430,19287.0,7917.0,0.4105,2025-12
2123,2025-12-13,C097,Power Bank,Electronics,1,1450,1050,0.1,Salem,Web,1450,1305.0,255.0,0.1954,2025-12
1020,2025-12-14,C385,T-Shirt,Apparel,2,680,290,0.15,Chennai,Web,1360,1156.0,576.0,0.4983,2025-12
1096,2025-12-14,C105,Tablet,Electronics,1,18520,13090,0.1,Bengaluru,Mobile App,18520,16668.0,3578.0,0.2147,2025-12
1096,2025-12-14,C105,Saree,Apparel,1,3560,1480,0.1,Bengaluru,Mobile App,3560,3204.0,1724.0,0.5381,2025-12
1157,2025-12-14,C497,Study Table,Furniture,1,5830,3270,0.0,Bengaluru,Web,5830,5830.0,2560.0,0.4391,2025-12
1184,2025-12-14,C201,Bookshelf,Furniture,3,4560,2460,0.0,Chennai,Mobile App,13680,13680.0,6300.0,0.4605,2025-12
1184,2025-12-14,C201,Dinner Set,Home & Kitchen,2,1890,1190,0.1,Chennai,Mobile App,3780,3402.0,1022.0,0.3004,2025-12
1315,2025-12-14,C389,Microwave,Home & Kitchen,2,9190,5650,0.2,Hyderabad,Mobile App,18380,14704.0,3404.0,0.2315,2025-12
1431,2025-12-14,C454,Microwave,Home & Kitchen,2,9380,6250,0.1,Chennai,Mobile App,18760,16884.0,4384.0,0.2597,2025-12
1431,2025-12-14,C454,Bluetooth Speaker,Electronics,2,3410,2370,0.0,Chennai,Mobile App,6820,6820.0,2080.0,0.305,2025-12
1572,2025-12-14,C225,Mixer Grinder,Home & Kitchen,1,4220,2780,0.05,Coimbatore,Mobile App,4220,4009.0,1229.0,0.3066,2025-12
1572,2025-12-14,C225,Bookshelf,Furniture,1,4610,2650,0.0,Coimbatore,Mobile App,4610,4610.0,1960.0,0.4252,2025-12
1642,2025-12-14,C264,Mixer Grinder,Home & Kitchen,3,4320,2890,0.05,Coimbatore,Mobile App,12960,12312.0,3642.0,0.2958,2025-12
1963,2025-12-14,C131,Laptop,Electronics,1,50690,37100,0.25,Salem,Mobile App,50690,38017.5,917.5,0.0241,2025-12
2064,2025-12-14,C376,Backpack,Accessories,1,1450,670,0.05,Madurai,Mobile App,1450,1377.5,707.5,0.5136,2025-12
2064,2025-12-14,C376,Phone Case,Accessories,4,400,180,0.15,Madurai,Mobile App,1600,1360.0,640.0,0.4706,2025-12
1036,2025-12-15,C555,Wallet,Accessories,3,780,370,0.2,Coimbatore,Mobile App,2340,1872.0,762.0,0.4071,2025-12
1036,2025-12-15,C555,Mixer Grinder,Home & Kitchen,2,4300,2650,0.0,Coimbatore,Mobile App,8600,8600.0,3300.0,0.3837,2025-12
1951,2025-12-15,C219,Jacket,Apparel,1,2810,1180,0.2,Hyderabad,Mobile App,2810,2248.0,1068.0,0.4751,2025-12
1264,2025-12-16,C384,Microwave,Home & Kitchen,1,9860,6130,0.15,Chennai,Web,9860,8381.0,2251.0,0.2686,2025-12
1264,2025-12-16,C384,Smart TV,Electronics,1,33980,25180,0.05,Chennai,Web,33980,32281.0,7101.0,0.22,2025-12
1603,2025-12-16,C303,Smart TV,Electronics,1,34030,24760,0.25,Coimbatore,Web,34030,25522.5,762.5,0.0299,2025-12
1712,2025-12-16,C165,T-Shirt,Apparel,2,720,320,0.15,Hyderabad,Mobile App,1440,1224.0,584.0,0.4771,2025-12
1407,2025-12-17,C282,Bluetooth Speaker,Electronics,1,3470,2570,0.05,Chennai,Web,3470,3296.5,726.5,0.2204,2025-12
1686,2025-12-17,C461,Headphones,Electronics,2,2540,1800,0.25,Coimbatore,Web,5080,3810.0,210.0,0.0551,2025-12
1940,2025-12-17,C457,Smart TV,Electronics,1,34120,23940,0.1,Unknown,Web,34120,30708.0,6768.0,0.2204,2025-12
1899,2025-12-18,C570,Jeans,Apparel,2,1850,820,0.3,Madurai,Mobile App,3700,2590.0,950.0,0.3668,2025-12
2046,2025-12-18,C515,Wallet,Accessories,4,800,380,0.15,Coimbatore,Mobile App,3200,2720.0,1200.0,0.4412,2025-12
2046,2025-12-18,C515,Sunglasses,Accessories,2,1280,620,0.05,Coimbatore,Mobile App,2560,2432.0,1192.0,0.4901,2025-12
2073,2025-12-18,C437,Office Chair,Furniture,1,7780,4560,0.1,Madurai,Mobile App,7780,7002.0,2442.0,0.3488,2025-12
1567,2025-12-19,C589,Power Bank,Electronics,1,1470,1030,0.05,Chennai,Mobile App,1470,1396.5,366.5,0.2624,2025-12
1567,2025-12-19,C589,Belt,Accessories,2,580,290,0.2,Chennai,Mobile App,1160,928.0,348.0,0.375,2025-12
1997,2025-12-19,C016,Tablet,Electronics,1,18210,13170,0.25,Bengaluru,Web,18210,13657.5,487.5,0.0357,2025-12
1997,2025-12-19,C016,Formal Shirt,Apparel,4,1390,580,0.05,Bengaluru,Web,5560,5282.0,2962.0,0.5608,2025-12
2019,2025-12-19,C085,Study Table,Furniture,2,6210,3570,0.15,Chennai,Mobile App,12420,10557.0,3417.0,0.3237,2025-12
2019,2025-12-19,C085,Phone Case,Accessories,2,400,190,0.05,Chennai,Mobile App,800,760.0,380.0,0.5,2025-12
1344,2025-12-20,C457,Smart TV,Electronics,1,34630,25860,0.2,Chennai,Web,34630,27704.0,1844.0,0.0666,2025-12
1488,2025-12-20,C455,Office Chair,Furniture,2,7640,4400,0.15,Hyderabad,Web,15280,12988.0,4188.0,0.3225,2025-12
1608,2025-12-20,C286,Wardrobe,Furniture,1,21280,11870,0.25,Hyderabad,Web,21280,15960.0,4090.0,0.2563,2025-12
1791,2025-12-20,C191,Headphones,Electronics,1,2470,1800,0.3,Trichy,Mobile App,2470,1729.0,-71.0,-0.0411,2025-12
1283,2025-12-21,C507,Wardrobe,Furniture,1,21680,11500,0.3,Madurai,Mobile App,21680,15176.0,3676.0,0.2422,2025-12
1679,2025-12-21,C337,Mixer Grinder,Home & Kitchen,1,4140,2550,0.1,Chennai,Web,4140,3726.0,1176.0,0.3156,2025-12
1679,2025-12-21,C337,T-Shirt,Apparel,1,700,290,0.25,Chennai,Web,700,525.0,235.0,0.4476,2025-12
1876,2025-12-21,C599,Tablet,Electronics,1,17550,12800,0.3,Madurai,Mobile App,17550,12285.0,-515.0,-0.0419,2025-12
1107,2025-12-22,C308,Smartwatch,Electronics,3,8290,6120,0.25,Chennai,Web,24870,18652.5,292.5,0.0157,2025-12
1409,2025-12-22,C034,Tablet,Electronics,2,18560,13110,0.2,Madurai,Mobile App,37120,29696.0,3476.0,0.1171,2025-12
1453,2025-12-22,C426,Wardrobe,Furniture,1,22020,12680,0.05,Coimbatore,Mobile App,22020,20919.0,8239.0,0.3939,2025-12
2023,2025-12-22,C195,Smart TV,Electronics,1,35880,24810,0.0,Salem,Mobile App,35880,35880.0,11070.0,0.3085,2025-12
1397,2025-12-23,C427,Laptop,Electronics,2,48610,34620,0.1,Bengaluru,Web,97220,87498.0,18258.0,0.2087,2025-12
1677,2025-12-23,C405,Wallet,Accessories,3,790,390,0.05,Hyderabad,Web,2370,2251.5,1081.5,0.4803,2025-12
2021,2025-12-23,C311,Mixer Grinder,Home & Kitchen,3,4180,2760,0.0,Chennai,Mobile App,12540,12540.0,4260.0,0.3397,2025-12
1461,2025-12-24,C248,Study Table,Furniture,4,5990,3200,0.2,Chennai,Web,23960,19168.0,6368.0,0.3322,2025-12
1505,2025-12-24,C589,Wallet,Accessories,2,820,370,0.0,Chennai,Web,1640,1640.0,900.0,0.5488,2025-12
1505,2025-12-24,C589,Microwave,Home & Kitchen,3,9180,5840,0.3,Chennai,Web,27540,19278.0,1758.0,0.0912,2025-12
1505,2025-12-24,C589,Formal Shirt,Apparel,3,1380,600,0.1,Chennai,Web,4140,3726.0,1926.0,0.5169,2025-12
1827,2025-12-24,C244,Jeans,Apparel,2,1760,730,0.0,Chennai,Web,3520,3520.0,2060.0,0.5852,2025-12
1827,2025-12-24,C244,Backpack,Accessories,1,1500,700,0.05,Chennai,Web,1500,1425.0,725.0,0.5088,2025-12
2029,2025-12-24,C013,T-Shirt,Apparel,2,720,340,0.1,Chennai,Web,1440,1296.0,616.0,0.4753,2025-12
2075,2025-12-24,C612,Bluetooth Speaker,Electronics,1,3420,2360,0.2,Hyderabad,Web,3420,2736.0,376.0,0.1374,2025-12
1559,2025-12-26,C451,Laptop,Electronics,1,48210,35420,0.15,Hyderabad,Web,48210,40978.5,5558.5,0.1356,2025-12
1724,2025-12-26,C633,Smartwatch,Electronics,1,8220,5820,0.05,Madurai,Mobile App,8220,7809.0,1989.0,0.2547,2025-12
1724,2025-12-26,C633,Office Chair,Furniture,1,7230,4040,0.05,Madurai,Mobile App,7230,6868.5,2828.5,0.4118,2025-12
1825,2025-12-26,C054,Phone,Electronics,1,20440,14900,0.0,Kochi,Web,20440,20440.0,5540.0,0.271,2025-12
1825,2025-12-26,C054,Bed Frame,Furniture,1,18330,10040,0.2,Kochi,Web,18330,14664.0,4624.0,0.3153,2025-12
1947,2025-12-26,C278,Headphones,Electronics,1,2470,1750,0.2,Kochi,Mobile App,2470,1976.0,226.0,0.1144,2025-12
1229,2025-12-27,C531,Study Table,Furniture,1,5790,3230,0.0,Chennai,Mobile App,5790,5790.0,2560.0,0.4421,2025-12
1229,2025-12-27,C531,Smartwatch,Electronics,2,7700,5740,0.2,Chennai,Mobile App,15400,12320.0,840.0,0.0682,2025-12
1457,2025-12-27,C579,Jeans,Apparel,1,1810,780,0.2,Hyderabad,Mobile App,1810,1448.0,668.0,0.4613,2025-12
1474,2025-12-27,C457,Phone,Electronics,1,20270,14250,0.25,Chennai,Mobile App,20270,15202.5,952.5,0.0627,2025-12
1586,2025-12-27,C476,Office Chair,Furniture,1,7690,4250,0.05,Chennai,Mobile App,7690,7305.5,3055.5,0.4182,2025-12
2127,2025-12-27,C604,Laptop,Electronics,1,48270,36050,0.0,Trichy,Mobile App,48270,48270.0,12220.0,0.2532,2025-12
2132,2025-12-27,C048,Phone Case,Accessories,1,400,180,0.0,Bengaluru,Mobile App,400,400.0,220.0,0.55,2025-12
1012,2025-12-28,C227,Smartwatch,Electronics,2,7980,5830,0.1,Coimbatore,Web,15960,14364.0,2704.0,0.1882,2025-12
1411,2025-12-28,C276,Laptop,Electronics,1,49860,36880,0.3,Salem,Mobile App,49860,34902.0,-1978.0,-0.0567,2025-12
1585,2025-12-28,C609,Jeans,Apparel,2,1780,820,0.05,Salem,Mobile App,3560,3382.0,1742.0,0.5151,2025-12
1594,2025-12-28,C296,Office Chair,Furniture,1,7790,4190,0.1,Hyderabad,Web,7790,7011.0,2821.0,0.4024,2025-12
1594,2025-12-28,C296,Tablet,Electronics,1,17540,12890,0.25,Hyderabad,Web,17540,13155.0,265.0,0.0201,2025-12
1594,2025-12-28,C296,Formal Shirt,Apparel,3,1400,600,0.25,Hyderabad,Web,4200,3150.0,1350.0,0.4286,2025-12
1798,2025-12-28,C297,Formal Shirt,Apparel,2,1350,630,0.0,Trichy,Web,2700,2700.0,1440.0,0.5333,2025-12
1847,2025-12-28,C333,Saree,Apparel,1,3470,1620,0.2,Bengaluru,Web,3470,2776.0,1156.0,0.4164,2025-12
1449,2025-12-29,C068,Jeans,Apparel,1,1770,770,0.05,Salem,Mobile App,1770,1681.5,911.5,0.5421,2025-12
1557,2025-12-29,C409,Laptop,Electronics,1,49630,35160,0.05,Chennai,Mobile App,49630,47148.5,11988.5,0.2543,2025-12
1972,2025-12-29,C436,Office Chair,Furniture,1,7590,4460,0.15,Chennai,Mobile App,7590,6451.5,1991.5,0.3087,2025-12
1972,2025-12-29,C436,Smart TV,Electronics,1,33780,24010,0.2,Chennai,Mobile App,33780,27024.0,3014.0,0.1115,2025-12
1131,2025-12-30,C041,Laptop,Electronics,1,49490,35370,0.1,Bengaluru,Web,49490,44541.0,9171.0,0.2059,2025-12
1710,2025-12-30,C005,Study Table,Furniture,2,5930,3150,0.2,Chennai,Web,11860,9488.0,3188.0,0.336,2025-12
1523,2025-12-31,C086,Smart TV,Electronics,1,36140,26660,0.25,Madurai,Mobile App,36140,27105.0,445.0,0.0164,2025-12
1532,2025-12-31,C304,Smart TV,Electronics,1,33950,23650,0.0,Madurai,Web,33950,33950.0,10300.0,0.3034,2025-12
1655,2025-12-31,C118,Office Chair,Furniture,1,7230,3950,0.1,Salem,Web,7230,6507.0,2557.0,0.393,2025-12
1861,2025-12-31,C606,Laptop,Electronics,1,51310,35460,0.1,Salem,Web,51310,46179.0,10719.0,0.2321,2025-12
1980,2025-12-31,C377,Belt,Accessories,1,580,290,0.05,Coimbatore,Mobile App,580,551.0,261.0,0.4737,2025-12
2045,2025-12-31,C267,Smart TV,Electronics,1,36100,25220,0.1,Hyderabad,Web,36100,32490.0,7270.0,0.2238,2025-12
2088,2025-12-31,C143,Jeans,Apparel,2,1770,810,0.25,Madurai,Web,3540,2655.0,1035.0,0.3898,2025-12
2088,2025-12-31,C143,Bluetooth Speaker,Electronics,1,3630,2720,0.15,Madurai,Web,3630,3085.5,365.5,0.1185,2025-12
2088,2025-12-31,C143,Tablet,Electronics,1,18660,13400,0.0,Madurai,Web,18660,18660.0,5260.0,0.2819,2025-12
1345,2026-01-01,C479,Cookware Set,Home & Kitchen,1,2710,1770,0.25,Bengaluru,Mobile App,2710,2032.5,262.5,0.1292,2026-01
1330,2026-01-02,C482,Phone,Electronics,1,19420,13700,0.2,Salem,Mobile App,19420,15536.0,1836.0,0.1182,2026-01
1355,2026-01-02,C631,Phone,Electronics,1,19470,14030,0.3,Kochi,Mobile App,19470,13629.0,-401.0,-0.0294,2026-01
1355,2026-01-02,C631,Laptop,Electronics,1,49430,36210,0.15,Kochi,Mobile App,49430,42015.5,5805.5,0.1382,2026-01
1355,2026-01-02,C631,Kurta,Apparel,1,1240,520,0.25,Kochi,Mobile App,1240,930.0,410.0,0.4409,2026-01
1691,2026-01-03,C532,Phone,Electronics,1,20500,15140,0.15,Hyderabad,Web,20500,17425.0,2285.0,0.1311,2026-01
1702,2026-01-03,C508,Headphones,Electronics,1,2440,1750,0.05,Trichy,Mobile App,2440,2318.0,568.0,0.245,2026-01
1702,2026-01-03,C508,Bookshelf,Furniture,2,4680,2480,0.15,Trichy,Mobile App,9360,7956.0,2996.0,0.3766,2026-01
1702,2026-01-03,C508,Water Purifier,Home & Kitchen,2,11740,7690,0.2,Trichy,Mobile App,23480,18784.0,3404.0,0.1812,2026-01
1621,2026-01-06,C133,Smartwatch,Electronics,1,7950,5590,0.1,Chennai,Mobile App,7950,7155.0,1565.0,0.2187,2026-01
1064,2026-01-07,C019,Microwave,Home & Kitchen,1,9850,6410,0.25,Madurai,Mobile App,9850,7387.5,977.5,0.1323,2026-01
1066,2026-01-07,C286,Phone,Electronics,1,20020,14950,0.3,Hyderabad,Web,20020,14014.0,-936.0,-0.0668,2026-01
1066,2026-01-07,C286,Study Table,Furniture,2,5760,3080,0.15,Hyderabad,Web,11520,9792.0,3632.0,0.3709,2026-01
1287,2026-01-07,C504,Office Chair,Furniture,1,7320,4020,0.25,Salem,Mobile App,7320,5490.0,1470.0,0.2678,2026-01
1739,2026-01-07,C427,T-Shirt,Apparel,1,730,330,0.1,Bengaluru,Web,730,657.0,327.0,0.4977,2026-01
1828,2026-01-07,C568,Tablet,Electronics,1,17810,12680,0.3,Coimbatore,Mobile App,17810,12467.0,-213.0,-0.0171,2026-01
1828,2026-01-07,C568,Bookshelf,Furniture,1,4530,2610,0.0,Coimbatore,Mobile App,4530,4530.0,1920.0,0.4238,2026-01
1855,2026-01-08,C428,Wardrobe,Furniture,1,21930,12060,0.15,Trichy,Mobile App,21930,18640.5,6580.5,0.353,2026-01
1983,2026-01-08,C624,Bluetooth Speaker,Electronics,1,3430,2550,0.3,Unknown,Web,3430,2401.0,-149.0,-0.0621,2026-01
1049,2026-01-10,C324,Phone,Electronics,1,20000,14440,0.3,Madurai,Mobile App,20000,14000.0,-440.0,-0.0314,2026-01
1049,2026-01-10,C324,Bookshelf,Furniture,1,4580,2460,0.1,Madurai,Mobile App,4580,4122.0,1662.0,0.4032,2026-01
1049,2026-01-10,C324,Kurta,Apparel,5,1200,530,0.0,Madurai,Mobile App,6000,6000.0,3350.0,0.5583,2026-01
1250,2026-01-10,C492,Laptop,Electronics,1,51150,35420,0.25,Bengaluru,Mobile App,51150,38362.5,2942.5,0.0767,2026-01
1401,2026-01-10,C568,Bluetooth Speaker,Electronics,1,3580,2610,0.05,Coimbatore,Web,3580,3401.0,791.0,0.2326,2026-01
1401,2026-01-10,C568,Power Bank,Electronics,3,1500,1120,0.2,Coimbatore,Web,4500,3600.0,240.0,0.0667,2026-01
1181,2026-01-11,C500,Jeans,Apparel,1,1860,840,0.1,Hyderabad,Mobile App,1860,1674.0,834.0,0.4982,2026-01
1182,2026-01-11,C176,Pressure Cooker,Home & Kitchen,1,1560,990,0.15,Madurai,Web,1560,1326.0,336.0,0.2534,2026-01
1708,2026-01-12,C477,Laptop,Electronics,1,49110,35020,0.0,Coimbatore,Web,49110,49110.0,14090.0,0.2869,2026-01
2066,2026-01-12,C156,Tablet,Electronics,1,17410,12070,0.25,Bengaluru,Web,17410,13057.5,987.5,0.0756,2026-01
2066,2026-01-12,C156,Smartwatch,Electronics,1,8270,5820,0.15,Bengaluru,Web,8270,7029.5,1209.5,0.1721,2026-01
1804,2026-01-13,C249,Phone,Electronics,1,19980,14230,0.2,Kochi,Web,19980,15984.0,1754.0,0.1097,2026-01
1836,2026-01-14,C406,Study Table,Furniture,3,5800,3140,0.0,Bengaluru,Web,17400,17400.0,7980.0,0.4586,2026-01
1277,2026-01-15,C055,Smartwatch,Electronics,1,8290,5770,0.2,Chennai,Web,8290,6632.0,862.0,0.13,2026-01
1277,2026-01-15,C055,Bed Frame,Furniture,1,18540,10410,0.0,Chennai,Web,18540,18540.0,8130.0,0.4385,2026-01
1962,2026-01-15,C073,Phone,Electronics,1,20770,15110,0.0,Madurai,Web,20770,20770.0,5660.0,0.2725,2026-01
1247,2026-01-16,C130,Phone,Electronics,1,19260,13730,0.2,Chennai,Mobile App,19260,15408.0,1678.0,0.1089,2026-01
1075,2026-01-17,C094,Smart TV,Electronics,1,33870,24840,0.1,Madurai,Mobile App,33870,30483.0,5643.0,0.1851,2026-01
1513,2026-01-17,C612,Phone Case,Accessories,3,390,200,0.1,Hyderabad,Web,1170,1053.0,453.0,0.4302,2026-01
1513,2026-01-17,C612,Kurta,Apparel,3,1200,520,0.0,Hyderabad,Web,3600,3600.0,2040.0,0.5667,2026-01
1513,2026-01-17,C612,Mixer Grinder,Home & Kitchen,2,4300,2800,0.05,Hyderabad,Web,8600,8170.0,2570.0,0.3146,2026-01
1814,2026-01-17,C285,Dinner Set,Home & Kitchen,1,1930,1210,0.25,Hyderabad,Mobile App,1930,1447.5,237.5,0.1641,2026-01
1033,2026-01-18,C393,Laptop,Electronics,1,49160,36280,0.2,Coimbatore,Web,49160,39328.0,3048.0,0.0775,2026-01
1216,2026-01-18,C103,Saree,Apparel,2,3470,1530,0.0,Kochi,Mobile App,6940,6940.0,3880.0,0.5591,2026-01
1216,2026-01-18,C103,Phone,Electronics,1,20730,14390,0.25,Kochi,Mobile App,20730,15547.5,1157.5,0.0744,2026-01
1546,2026-01-18,C119,Headphones,Electronics,1,2520,1790,0.0,Madurai,Mobile App,2520,2520.0,730.0,0.2897,2026-01
2030,2026-01-18,C298,Sunglasses,Accessories,2,1320,600,0.15,Chennai,Mobile App,2640,2244.0,1044.0,0.4652,2026-01
1609,2026-01-19,C172,Bluetooth Speaker,Electronics,2,3640,2620,0.15,Chennai,Web,7280,6188.0,948.0,0.1532,2026-01
1609,2026-01-19,C172,Sunglasses,Accessories,1,1340,660,0.05,Chennai,Web,1340,1273.0,613.0,0.4815,2026-01
1240,2026-01-20,C570,Sunglasses,Accessories,4,1280,610,0.2,Madurai,Mobile App,5120,4096.0,1656.0,0.4043,2026-01
2086,2026-01-21,C209,T-Shirt,Apparel,3,720,310,0.1,Chennai,Mobile App,2160,1944.0,1014.0,0.5216,2026-01
2086,2026-01-21,C209,Phone Case,Accessories,1,410,210,0.1,Chennai,Mobile App,410,369.0,159.0,0.4309,2026-01
2086,2026-01-21,C209,Bed Frame,Furniture,2,17400,9700,0.1,Chennai,Mobile App,34800,31320.0,11920.0,0.3806,2026-01
1019,2026-01-22,C153,Wallet,Accessories,2,770,390,0.25,Salem,Mobile App,1540,1155.0,375.0,0.3247,2026-01
1843,2026-01-22,C076,Sofa Set,Furniture,1,31500,18440,0.1,Madurai,Web,31500,28350.0,9910.0,0.3496,2026-01
1846,2026-01-23,C210,Phone,Electronics,1,19730,14030,0.15,Salem,Mobile App,19730,16770.5,2740.5,0.1634,2026-01
1891,2026-01-23,C365,Phone,Electronics,1,20390,14620,0.3,Madurai,Mobile App,20390,14273.0,-347.0,-0.0243,2026-01
1373,2026-01-24,C114,Phone,Electronics,1,20320,15200,0.25,Hyderabad,Web,20320,15240.0,40.0,0.0026,2026-01
1606,2026-01-24,C304,Mixer Grinder,Home & Kitchen,2,4080,2520,0.0,Madurai,Web,8160,8160.0,3120.0,0.3824,2026-01
1606,2026-01-24,C304,T-Shirt,Apparel,4,690,320,0.0,Madurai,Web,2760,2760.0,1480.0,0.5362,2026-01
1802,2026-01-24,C185,Headphones,Electronics,2,2560,1920,0.1,Bengaluru,Web,5120,4608.0,768.0,0.1667,2026-01
1029,2026-01-25,C414,Water Purifier,Home & Kitchen,1,11650,7690,0.2,Salem,Web,11650,9320.0,1630.0,0.1749,2026-01
1029,2026-01-25,C414,Microwave,Home & Kitchen,1,9350,6070,0.05,Salem,Web,9350,8882.5,2812.5,0.3166,2026-01
1127,2026-01-25,C485,Smartwatch,Electronics,2,7960,5960,0.05,Chennai,Mobile App,15920,15124.0,3204.0,0.2118,2026-01
1291,2026-01-25,C314,Smart TV,Electronics,1,36290,26690,0.1,Chennai,Mobile App,36290,32661.0,5971.0,0.1828,2026-01
1291,2026-01-25,C314,Phone,Electronics,1,19500,13900,0.0,Chennai,Mobile App,19500,19500.0,5600.0,0.2872,2026-01
1291,2026-01-25,C314,Backpack,Accessories,3,1490,720,0.15,Chennai,Mobile App,4470,3799.5,1639.5,0.4315,2026-01
1509,2026-01-25,C476,Phone,Electronics,1,20060,14710,0.2,Chennai,Mobile App,20060,16048.0,1338.0,0.0834,2026-01
1120,2026-01-26,C445,Headphones,Electronics,4,2470,1790,0.05,Chennai,Mobile App,9880,9386.0,2226.0,0.2372,2026-01
1364,2026-01-26,C254,Backpack,Accessories,1,1540,740,0.0,Coimbatore,Web,1540,1540.0,800.0,0.5195,2026-01
1416,2026-01-26,C200,Power Bank,Electronics,2,1550,1130,0.15,Chennai,Mobile App,3100,2635.0,375.0,0.1423,2026-01
1981,2026-01-26,C513,Wallet,Accessories,1,820,390,0.05,Chennai,Web,820,779.0,389.0,0.4994,2026-01
2079,2026-01-26,C455,Bed Frame,Furniture,3,17790,9640,0.0,Hyderabad,Mobile App,53370,53370.0,24450.0,0.4581,2026-01
2079,2026-01-26,C455,Phone Case,Accessories,1,390,190,0.0,Hyderabad,Mobile App,390,390.0,200.0,0.5128,2026-01
2128,2026-01-26,C196,Study Table,Furniture,2,5890,3330,0.15,Salem,Mobile App,11780,10013.0,3353.0,0.3349,2026-01
1426,2026-01-28,C352,Microwave,Home & Kitchen,1,9370,5860,0.05,Chennai,Mobile App,9370,8901.5,3041.5,0.3417,2026-01
1716,2026-01-28,C197,Smart TV,Electronics,1,36230,25600,0.1,Chennai,Mobile App,36230,32607.0,7007.0,0.2149,2026-01
1099,2026-01-29,C564,Smartwatch,Electronics,2,7880,5600,0.2,Kochi,Web,15760,12608.0,1408.0,0.1117,2026-01
1758,2026-01-30,C334,Smartwatch,Electronics,1,7690,5540,0.1,Bengaluru,Mobile App,7690,6921.0,1381.0,0.1995,2026-01
1398,2026-01-31,C176,Water Purifier,Home & Kitchen,2,11570,7680,0.05,Madurai,Mobile App,23140,21983.0,6623.0,0.3013,2026-01
1554,2026-01-31,C405,Phone,Electronics,1,20020,14110,0.25,Hyderabad,Mobile App,20020,15015.0,905.0,0.0603,2026-01
1662,2026-02-01,C501,Formal Shirt,Apparel,4,1410,660,0.1,Bengaluru,Web,5640,5076.0,2436.0,0.4799,2026-02
1535,2026-02-02,C367,T-Shirt,Apparel,4,700,310,0.0,Hyderabad,Mobile App,2800,2800.0,1560.0,0.5571,2026-02
1535,2026-02-02,C367,Wallet,Accessories,3,790,370,0.3,Hyderabad,Mobile App,2370,1659.0,549.0,0.3309,2026-02
2020,2026-02-02,C451,Headphones,Electronics,3,2590,1870,0.05,Hyderabad,Web,7770,7381.5,1771.5,0.24,2026-02
1061,2026-02-03,C544,Jeans,Apparel,1,1770,750,0.0,Kochi,Mobile App,1770,1770.0,1020.0,0.5763,2026-02
1175,2026-02-03,C058,Laptop,Electronics,1,51060,35280,0.1,Salem,Web,51060,45954.0,10674.0,0.2323,2026-02
1245,2026-02-03,C209,Formal Shirt,Apparel,5,1400,620,0.1,Chennai,Web,7000,6300.0,3200.0,0.5079,2026-02
1245,2026-02-03,C209,Jeans,Apparel,1,1840,810,0.3,Chennai,Web,1840,1288.0,478.0,0.3711,2026-02
1491,2026-02-03,C347,Phone,Electronics,1,19900,14040,0.2,Chennai,Mobile App,19900,15920.0,1880.0,0.1181,2026-02
1491,2026-02-03,C347,Power Bank,Electronics,2,1440,1070,0.15,Chennai,Mobile App,2880,2448.0,308.0,0.1258,2026-02
1491,2026-02-03,C347,Belt,Accessories,3,590,280,0.1,Chennai,Mobile App,1770,1593.0,753.0,0.4727,2026-02
2031,2026-02-03,C209,Phone,Electronics,1,19660,13960,0.05,Chennai,Mobile App,19660,18677.0,4717.0,0.2526,2026-02
2091,2026-02-04,C061,Power Bank,Electronics,2,1540,1090,0.05,Trichy,Mobile App,3080,2926.0,746.0,0.255,2026-02
2093,2026-02-04,C030,Headphones,Electronics,3,2510,1740,0.1,Salem,Web,7530,6777.0,1557.0,0.2297,2026-02
2093,2026-02-04,C030,Formal Shirt,Apparel,1,1420,670,0.0,Salem,Web,1420,1420.0,750.0,0.5282,2026-02
2093,2026-02-04,C030,Phone,Electronics,1,20770,14790,0.25,Salem,Web,20770,15577.5,787.5,0.0506,2026-02
1907,2026-02-05,C498,Smartwatch,Electronics,1,7820,5700,0.0,Madurai,Mobile App,7820,7820.0,2120.0,0.2711,2026-02
1907,2026-02-05,C498,Laptop,Electronics,1,50450,37350,0.15,Madurai,Mobile App,50450,42882.5,5532.5,0.129,2026-02
1146,2026-02-07,C133,Bluetooth Speaker,Electronics,2,3540,2470,0.0,Chennai,Mobile App,7080,7080.0,2140.0,0.3023,2026-02
1314,2026-02-07,C151,Smart TV,Electronics,1,33750,23430,0.3,Chennai,Mobile App,33750,23625.0,195.0,0.0083,2026-02
1258,2026-02-08,C354,Jeans,Apparel,1,1780,730,0.0,Chennai,Mobile App,1780,1780.0,1050.0,0.5899,2026-02
2006,2026-02-08,C587,Wardrobe,Furniture,2,21810,12550,0.05,Bengaluru,Mobile App,43620,41439.0,16339.0,0.3943,2026-02
2006,2026-02-08,C587,Water Purifier,Home & Kitchen,3,12280,7980,0.0,Bengaluru,Mobile App,36840,36840.0,12900.0,0.3502,2026-02
1538,2026-02-09,C621,Laptop Sleeve,Accessories,1,930,460,0.2,Madurai,Web,930,744.0,284.0,0.3817,2026-02
1618,2026-02-09,C184,Mixer Grinder,Home & Kitchen,1,4190,2660,0.1,Bengaluru,Mobile App,4190,3771.0,1111.0,0.2946,2026-02
1618,2026-02-09,C184,Office Chair,Furniture,1,7660,4110,0.05,Bengaluru,Mobile App,7660,7277.0,3167.0,0.4352,2026-02
1463,2026-02-10,C044,Laptop,Electronics,1,48570,33700,0.25,Bengaluru,Mobile App,48570,36427.5,2727.5,0.0749,2026-02
1062,2026-02-11,C386,Smart TV,Electronics,1,34220,24050,0.1,Madurai,Web,34220,30798.0,6748.0,0.2191,2026-02
1781,2026-02-11,C236,Bookshelf,Furniture,1,4570,2580,0.0,Salem,Web,4570,4570.0,1990.0,0.4354,2026-02
1781,2026-02-11,C236,Kurta,Apparel,2,1150,490,0.05,Salem,Web,2300,2185.0,1205.0,0.5515,2026-02
1492,2026-02-14,C065,Laptop,Electronics,1,51250,37300,0.2,Chennai,Mobile App,51250,41000.0,3700.0,0.0902,2026-02
1492,2026-02-14,C065,Dinner Set,Home & Kitchen,2,1920,1280,0.05,Chennai,Mobile App,3840,3648.0,1088.0,0.2982,2026-02
1720,2026-02-14,C513,Headphones,Electronics,2,2560,1830,0.25,Chennai,Web,5120,3840.0,180.0,0.0469,2026-02
2002,2026-02-14,C057,Water Purifier,Home & Kitchen,1,11840,7450,0.0,Madurai,Web,11840,11840.0,4390.0,0.3708,2026-02
1634,2026-02-15,C626,Laptop Sleeve,Accessories,5,880,420,0.05,Chennai,Web,4400,4180.0,2080.0,0.4976,2026-02
1634,2026-02-15,C626,Phone,Electronics,1,19550,13870,0.2,Chennai,Web,19550,15640.0,1770.0,0.1132,2026-02
2070,2026-02-15,C625,Laptop,Electronics,1,48540,33630,0.0,Kochi,Web,48540,48540.0,14910.0,0.3072,2026-02
1193,2026-02-19,C056,Phone,Electronics,2,20180,14780,0.0,Chennai,Mobile App,40360,40360.0,10800.0,0.2676,2026-02
1527,2026-02-19,C191,Sofa Set,Furniture,1,32200,18410,0.3,Trichy,Mobile App,32200,22540.0,4130.0,0.1832,2026-02
1713,2026-02-19,C061,Jacket,Apparel,1,2900,1210,0.2,Trichy,Web,2900,2320.0,1110.0,0.4784,2026-02
1002,2026-02-21,C550,Phone,Electronics,2,20140,14810,0.3,Chennai,Web,40280,28196.0,-1424.0,-0.0505,2026-02
1885,2026-02-22,C297,Tablet,Electronics,1,18640,13460,0.0,Trichy,Mobile App,18640,18640.0,5180.0,0.2779,2026-02
1929,2026-02-22,C212,Dinner Set,Home & Kitchen,4,1960,1210,0.25,Hyderabad,Web,7840,5880.0,1040.0,0.1769,2026-02
2138,2026-02-22,C370,Smartwatch,Electronics,2,7860,5510,0.15,Chennai,Web,15720,13362.0,2342.0,0.1753,2026-02
1276,2026-02-23,C581,Cookware Set,Home & Kitchen,2,2810,1760,0.2,Chennai,Web,5620,4496.0,976.0,0.2171,2026-02
1276,2026-02-23,C581,Wallet,Accessories,1,820,420,0.25,Chennai,Web,820,615.0,195.0,0.3171,2026-02
1395,2026-02-23,C284,Power Bank,Electronics,2,1470,1060,0.15,Chennai,Mobile App,2940,2499.0,379.0,0.1517,2026-02
1464,2026-02-23,C622,Wardrobe,Furniture,1,22130,12710,0.2,Bengaluru,Mobile App,22130,17704.0,4994.0,0.2821,2026-02
1706,2026-02-23,C021,Office Chair,Furniture,2,7230,4220,0.1,Bengaluru,Web,14460,13014.0,4574.0,0.3515,2026-02
1706,2026-02-23,C021,Smartwatch,Electronics,3,7810,5450,0.05,Bengaluru,Web,23430,22258.5,5908.5,0.2654,2026-02
1857,2026-02-24,C440,Laptop,Electronics,1,49750,34420,0.25,Hyderabad,Mobile App,49750,37312.5,2892.5,0.0775,2026-02
1928,2026-02-24,C402,Jacket,Apparel,1,2810,1160,0.05,Madurai,Web,2810,2669.5,1509.5,0.5655,2026-02
1928,2026-02-24,C402,Bluetooth Speaker,Electronics,2,3520,2620,0.2,Madurai,Web,7040,5632.0,392.0,0.0696,2026-02
1928,2026-02-24,C402,Belt,Accessories,4,580,290,0.15,Madurai,Web,2320,1972.0,812.0,0.4118,2026-02
1168,2026-02-25,C516,Phone,Electronics,1,19750,14040,0.05,Madurai,Web,19750,18762.5,4722.5,0.2517,2026-02
1259,2026-02-25,C021,Saree,Apparel,2,3510,1490,0.15,Bengaluru,Web,7020,5967.0,2987.0,0.5006,2026-02
1352,2026-02-25,C007,Laptop,Electronics,1,48510,36010,0.2,Coimbatore,Web,48510,38808.0,2798.0,0.0721,2026-02
1969,2026-02-25,C255,Phone Case,Accessories,1,400,180,0.15,Coimbatore,Mobile App,400,340.0,160.0,0.4706,2026-02
1536,2026-02-26,C286,Phone,Electronics,1,19810,14540,0.2,Hyderabad,Mobile App,19810,15848.0,1308.0,0.0825,2026-02
1536,2026-02-26,C286,Bed Frame,Furniture,1,17460,9260,0.0,Hyderabad,Mobile App,17460,17460.0,8200.0,0.4696,2026-02
1859,2026-02-26,C533,Smart TV,Electronics,2,36180,26290,0.25,Chennai,Mobile App,72360,54270.0,1690.0,0.0311,2026-02
1859,2026-02-26,C533,Saree,Apparel,1,3480,1480,0.25,Chennai,Mobile App,3480,2610.0,1130.0,0.433,2026-02
1214,2026-02-27,C492,Microwave,Home & Kitchen,1,9540,6380,0.05,Bengaluru,Web,9540,9063.0,2683.0,0.296,2026-02
1235,2026-02-27,C130,Wardrobe,Furniture,1,21380,12450,0.25,Chennai,Web,21380,16035.0,3585.0,0.2236,2026-02
1235,2026-02-27,C130,Sofa Set,Furniture,1,32460,19080,0.0,Chennai,Web,32460,32460.0,13380.0,0.4122,2026-02
1327,2026-02-27,C235,Phone,Electronics,1,19440,14210,0.1,Bengaluru,Mobile App,19440,17496.0,3286.0,0.1878,2026-02
1327,2026-02-27,C235,Sofa Set,Furniture,1,32170,18260,0.05,Bengaluru,Mobile App,32170,30561.5,12301.5,0.4025,2026-02
1369,2026-02-28,C282,Phone,Electronics,1,19960,14600,0.3,Chennai,Web,19960,13972.0,-628.0,-0.0449,2026-02
1752,2026-02-28,C424,Jeans,Apparel,1,1860,800,0.2,Kochi,Mobile App,1860,1488.0,688.0,0.4624,2026-02
1080,2026-03-01,C172,Bookshelf,Furniture,3,4470,2530,0.1,Chennai,Web,13410,12069.0,4479.0,0.3711,2026-03
1080,2026-03-01,C172,Smart TV,Electronics,1,33810,23370,0.0,Chennai,Web,33810,33810.0,10440.0,0.3088,2026-03
1844,2026-03-01,C446,Saree,Apparel,1,3420,1510,0.15,Salem,Web,3420,2907.0,1397.0,0.4806,2026-03
1844,2026-03-01,C446,Smart TV,Electronics,1,34440,25020,0.05,Salem,Web,34440,32718.0,7698.0,0.2353,2026-03
1905,2026-03-01,C048,Phone,Electronics,1,19340,14040,0.1,Bengaluru,Web,19340,17406.0,3366.0,0.1934,2026-03
1905,2026-03-01,C048,Smartwatch,Electronics,1,8140,5880,0.3,Bengaluru,Web,8140,5698.0,-182.0,-0.0319,2026-03
1914,2026-03-01,C440,Bookshelf,Furniture,1,4640,2720,0.1,Hyderabad,Mobile App,4640,4176.0,1456.0,0.3487,2026-03
2106,2026-03-01,C520,Bluetooth Speaker,Electronics,3,3470,2520,0.15,Salem,Mobile App,10410,8848.5,1288.5,0.1456,2026-03
1129,2026-03-02,C215,Headphones,Electronics,1,2450,1740,0.25,Salem,Mobile App,2450,1837.5,97.5,0.0531,2026-03
2027,2026-03-02,C071,Microwave,Home & Kitchen,1,9390,6280,0.0,Chennai,Web,9390,9390.0,3110.0,0.3312,2026-03
2027,2026-03-02,C071,Laptop,Electronics,1,49950,37180,0.15,Chennai,Web,49950,42457.5,5277.5,0.1243,2026-03
2041,2026-03-03,C455,Phone,Electronics,1,20020,14850,0.15,Hyderabad,Mobile App,20020,17017.0,2167.0,0.1273,2026-03
2089,2026-03-03,C241,Sunglasses,Accessories,4,1250,590,0.05,Bengaluru,Web,5000,4750.0,2390.0,0.5032,2026-03
2089,2026-03-03,C241,Power Bank,Electronics,1,1480,1030,0.15,Bengaluru,Web,1480,1258.0,228.0,0.1812,2026-03
1081,2026-03-04,C377,Jeans,Apparel,2,1780,750,0.2,Coimbatore,Mobile App,3560,2848.0,1348.0,0.4733,2026-03
1186,2026-03-04,C478,Water Purifier,Home & Kitchen,1,11750,7550,0.1,Bengaluru,Web,11750,10575.0,3025.0,0.2861,2026-03
1186,2026-03-04,C478,Tablet,Electronics,1,18130,13030,0.0,Bengaluru,Web,18130,18130.0,5100.0,0.2813,2026-03
1759,2026-03-05,C418,Phone Case,Accessories,2,400,190,0.1,Chennai,Web,800,720.0,340.0,0.4722,2026-03
1949,2026-03-06,C564,Mixer Grinder,Home & Kitchen,1,4100,2540,0.15,Kochi,Mobile App,4100,3485.0,945.0,0.2712,2026-03
1448,2026-03-07,C483,Sofa Set,Furniture,1,31620,17870,0.1,Coimbatore,Web,31620,28458.0,10588.0,0.3721,2026-03
1561,2026-03-07,C510,Jacket,Apparel,2,2770,1270,0.1,Bengaluru,Mobile App,5540,4986.0,2446.0,0.4906,2026-03
1635,2026-03-07,C533,Bed Frame,Furniture,1,18020,9980,0.0,Chennai,Web,18020,18020.0,8040.0,0.4462,2026-03
1635,2026-03-07,C533,Cookware Set,Home & Kitchen,1,2890,1810,0.15,Chennai,Web,2890,2456.5,646.5,0.2632,2026-03
1883,2026-03-07,C128,Bluetooth Speaker,Electronics,1,3480,2610,0.25,Chennai,Web,3480,2610.0,0.0,0.0,2026-03
1883,2026-03-07,C128,Office Chair,Furniture,3,7440,4360,0.0,Chennai,Web,22320,22320.0,9240.0,0.414,2026-03
1994,2026-03-07,C021,Power Bank,Electronics,1,1480,1100,0.1,Bengaluru,Mobile App,1480,1332.0,232.0,0.1742,2026-03
1256,2026-03-08,C006,Laptop,Electronics,1,48400,35860,0.25,Kochi,Web,48400,36300.0,440.0,0.0121,2026-03
1256,2026-03-08,C006,Bed Frame,Furniture,1,17290,9350,0.1,Kochi,Web,17290,15561.0,6211.0,0.3991,2026-03
1310,2026-03-08,C009,Phone,Electronics,1,19310,14300,0.2,Salem,Web,19310,15448.0,1148.0,0.0743,2026-03
1644,2026-03-09,C499,Power Bank,Electronics,3,1520,1090,0.3,Chennai,Web,4560,3192.0,-78.0,-0.0244,2026-03
2036,2026-03-09,C572,Smartwatch,Electronics,1,8290,5900,0.3,Hyderabad,Web,8290,5803.0,-97.0,-0.0167,2026-03
1041,2026-03-10,C367,Mixer Grinder,Home & Kitchen,3,4080,2700,0.25,Hyderabad,Mobile App,12240,9180.0,1080.0,0.1176,2026-03
1069,2026-03-10,C275,Smartwatch,Electronics,1,7930,5770,0.0,Bengaluru,Mobile App,7930,7930.0,2160.0,0.2724,2026-03
1269,2026-03-10,C613,Bed Frame,Furniture,2,17720,10140,0.15,Madurai,Web,35440,30124.0,9844.0,0.3268,2026-03
1269,2026-03-10,C613,Wallet,Accessories,3,780,360,0.0,Madurai,Web,2340,2340.0,1260.0,0.5385,2026-03
1351,2026-03-10,C249,Office Chair,Furniture,1,7760,4520,0.05,Kochi,Mobile App,7760,7372.0,2852.0,0.3869,2026-03
1195,2026-03-11,C349,Tablet,Electronics,1,17690,13040,0.15,Coimbatore,Mobile App,17690,15036.5,1996.5,0.1328,2026-03
1773,2026-03-11,C011,Wardrobe,Furniture,1,21670,12160,0.2,Chennai,Web,21670,17336.0,5176.0,0.2986,2026-03
1842,2026-03-11,C440,Phone Case,Accessories,1,410,200,0.3,Hyderabad,Web,410,287.0,87.0,0.3031,2026-03
1003,2026-03-12,C041,Study Table,Furniture,1,5930,3290,0.05,Bengaluru,Web,5930,5633.5,2343.5,0.416,2026-03
1091,2026-03-12,C100,T-Shirt,Apparel,3,680,310,0.2,Chennai,Web,2040,1632.0,702.0,0.4301,2026-03
1091,2026-03-12,C100,Mixer Grinder,Home & Kitchen,1,4130,2540,0.3,Chennai,Web,4130,2891.0,351.0,0.1214,2026-03
1674,2026-03-12,C231,Bookshelf,Furniture,1,4570,2480,0.1,Bengaluru,Mobile App,4570,4113.0,1633.0,0.397,2026-03
2014,2026-03-12,C341,Dinner Set,Home & Kitchen,2,1940,1270,0.05,Chennai,Mobile App,3880,3686.0,1146.0,0.3109,2026-03
1285,2026-03-13,C470,Cookware Set,Home & Kitchen,1,2850,1890,0.1,Coimbatore,Mobile App,2850,2565.0,675.0,0.2632,2026-03
1870,2026-03-13,C007,Dinner Set,Home & Kitchen,3,1940,1190,0.25,Coimbatore,Web,5820,4365.0,795.0,0.1821,2026-03
1995,2026-03-13,C238,Laptop,Electronics,1,50870,35500,0.0,Trichy,Mobile App,50870,50870.0,15370.0,0.3021,2026-03
1995,2026-03-13,C238,Phone,Electronics,1,20040,14960,0.25,Trichy,Mobile App,20040,15030.0,70.0,0.0047,2026-03
1761,2026-03-14,C206,Smartwatch,Electronics,1,7880,5600,0.1,Hyderabad,Web,7880,7092.0,1492.0,0.2104,2026-03
1761,2026-03-14,C206,Bookshelf,Furniture,2,4470,2370,0.15,Hyderabad,Web,8940,7599.0,2859.0,0.3762,2026-03
1835,2026-03-14,C285,Jacket,Apparel,1,2840,1280,0.15,Hyderabad,Web,2840,2414.0,1134.0,0.4698,2026-03
1908,2026-03-14,C361,Dinner Set,Home & Kitchen,1,1970,1300,0.05,Hyderabad,Web,1970,1871.5,571.5,0.3054,2026-03
1908,2026-03-14,C361,Bookshelf,Furniture,4,4550,2650,0.15,Hyderabad,Web,18200,15470.0,4870.0,0.3148,2026-03
1939,2026-03-14,C029,Wallet,Accessories,1,830,390,0.15,Salem,Mobile App,830,705.5,315.5,0.4472,2026-03
2005,2026-03-14,C598,Office Chair,Furniture,1,7390,4010,0.05,Bengaluru,Mobile App,7390,7020.5,3010.5,0.4288,2026-03
1218,2026-03-15,C455,Wallet,Accessories,2,800,410,0.0,Hyderabad,Mobile App,1600,1600.0,780.0,0.4875,2026-03
1403,2026-03-15,C264,Backpack,Accessories,1,1450,730,0.0,Coimbatore,Web,1450,1450.0,720.0,0.4966,2026-03
1727,2026-03-15,C570,Study Table,Furniture,1,6130,3400,0.0,Madurai,Mobile App,6130,6130.0,2730.0,0.4454,2026-03
1319,2026-03-16,C569,Office Chair,Furniture,3,7430,4160,0.1,Chennai,Mobile App,22290,20061.0,7581.0,0.3779,2026-03
1319,2026-03-16,C569,Headphones,Electronics,1,2600,1840,0.0,Chennai,Mobile App,2600,2600.0,760.0,0.2923,2026-03
1522,2026-03-16,C627,Jacket,Apparel,2,2870,1210,0.15,Bengaluru,Mobile App,5740,4879.0,2459.0,0.504,2026-03
1306,2026-03-18,C211,Phone,Electronics,1,19650,14620,0.3,Chennai,Web,19650,13755.0,-865.0,-0.0629,2026-03
1584,2026-03-18,C550,Smart TV,Electronics,1,36390,25510,0.1,Chennai,Mobile App,36390,32751.0,7241.0,0.2211,2026-03
1587,2026-03-18,C084,Dinner Set,Home & Kitchen,4,1860,1130,0.0,Coimbatore,Mobile App,7440,7440.0,2920.0,0.3925,2026-03
1587,2026-03-18,C084,Study Table,Furniture,1,6220,3640,0.05,Coimbatore,Mobile App,6220,5909.0,2269.0,0.384,2026-03
1437,2026-03-19,C550,Power Bank,Electronics,3,1460,1050,0.0,Chennai,Mobile App,4380,4380.0,1230.0,0.2808,2026-03
1878,2026-03-19,C295,Backpack,Accessories,1,1490,670,0.0,Trichy,Mobile App,1490,1490.0,820.0,0.5503,2026-03
2059,2026-03-19,C040,Tablet,Electronics,2,17420,12110,0.15,Madurai,Mobile App,34840,29614.0,5394.0,0.1821,2026-03
2099,2026-03-19,C376,Phone,Electronics,1,20230,15100,0.15,Madurai,Mobile App,20230,17195.5,2095.5,0.1219,2026-03
1313,2026-03-20,C485,Mixer Grinder,Home & Kitchen,2,4170,2660,0.1,Chennai,Web,8340,7506.0,2186.0,0.2912,2026-03
1313,2026-03-20,C485,Bed Frame,Furniture,1,17680,10190,0.0,Chennai,Web,17680,17680.0,7490.0,0.4236,2026-03
1501,2026-03-20,C001,Office Chair,Furniture,3,7200,4080,0.15,Madurai,Mobile App,21600,18360.0,6120.0,0.3333,2026-03
1374,2026-03-21,C474,Kurta,Apparel,3,1160,480,0.2,Madurai,Web,3480,2784.0,1344.0,0.4828,2026-03
1413,2026-03-21,C444,Jacket,Apparel,1,2810,1200,0.0,Madurai,Mobile App,2810,2810.0,1610.0,0.573,2026-03
1893,2026-03-21,C569,Jeans,Apparel,1,1840,780,0.3,Chennai,Mobile App,1840,1288.0,508.0,0.3944,2026-03
1893,2026-03-21,C569,Water Purifier,Home & Kitchen,2,12100,7640,0.15,Chennai,Mobile App,24200,20570.0,5290.0,0.2572,2026-03
1356,2026-03-22,C323,Office Chair,Furniture,1,7540,4180,0.15,Chennai,Mobile App,7540,6409.0,2229.0,0.3478,2026-03
1356,2026-03-22,C323,Cookware Set,Home & Kitchen,2,2890,1770,0.15,Chennai,Mobile App,5780,4913.0,1373.0,0.2795,2026-03
1356,2026-03-22,C323,Power Bank,Electronics,3,1510,1130,0.05,Chennai,Mobile App,4530,4303.5,913.5,0.2123,2026-03
1734,2026-03-22,C499,Bluetooth Speaker,Electronics,3,3460,2500,0.15,Chennai,Mobile App,10380,8823.0,1323.0,0.1499,2026-03
2098,2026-03-22,C368,Sofa Set,Furniture,1,31970,16620,0.1,Coimbatore,Web,31970,28773.0,12153.0,0.4224,2026-03
1312,2026-03-24,C550,Phone,Electronics,1,20540,15070,0.2,Chennai,Web,20540,16432.0,1362.0,0.0829,2026-03
1312,2026-03-24,C550,Phone Case,Accessories,2,390,200,0.1,Chennai,Web,780,702.0,302.0,0.4302,2026-03
1321,2026-03-24,C382,Bluetooth Speaker,Electronics,1,3450,2380,0.15,Salem,Mobile App,3450,2932.5,552.5,0.1884,2026-03
1204,2026-03-25,C626,Laptop,Electronics,1,50080,36540,0.15,Chennai,Web,50080,42568.0,6028.0,0.1416,2026-03
1209,2026-03-25,C294,Office Chair,Furniture,1,7780,4480,0.0,Bengaluru,Mobile App,7780,7780.0,3300.0,0.4242,2026-03
1209,2026-03-25,C294,Microwave,Home & Kitchen,2,9360,6170,0.15,Bengaluru,Mobile App,18720,15912.0,3572.0,0.2245,2026-03
1992,2026-03-25,C081,Smartwatch,Electronics,1,7860,5760,0.05,Chennai,Mobile App,7860,7467.0,1707.0,0.2286,2026-03
2121,2026-03-25,C467,Phone,Electronics,1,19990,14990,0.1,Salem,Mobile App,19990,17991.0,3001.0,0.1668,2026-03
1189,2026-03-26,C560,Wardrobe,Furniture,1,22140,12970,0.0,Chennai,Mobile App,22140,22140.0,9170.0,0.4142,2026-03
2053,2026-03-26,C377,Phone,Electronics,1,19490,13870,0.0,Coimbatore,Mobile App,19490,19490.0,5620.0,0.2884,2026-03
1128,2026-03-27,C295,Study Table,Furniture,1,6010,3420,0.05,Trichy,Mobile App,6010,5709.5,2289.5,0.401,2026-03
1477,2026-03-27,C342,Study Table,Furniture,1,6240,3630,0.25,Unknown,Mobile App,6240,4680.0,1050.0,0.2244,2026-03
1329,2026-03-28,C541,Phone,Electronics,1,19590,14490,0.15,Salem,Web,19590,16651.5,2161.5,0.1298,2026-03
1370,2026-03-28,C306,Belt,Accessories,3,590,290,0.05,Trichy,Mobile App,1770,1681.5,811.5,0.4826,2026-03
1478,2026-03-28,C455,T-Shirt,Apparel,2,690,320,0.05,Hyderabad,Mobile App,1380,1311.0,671.0,0.5118,2026-03
1478,2026-03-28,C455,Cookware Set,Home & Kitchen,1,2910,1900,0.15,Hyderabad,Mobile App,2910,2473.5,573.5,0.2319,2026-03
1566,2026-03-28,C024,Laptop,Electronics,1,50260,37070,0.2,Salem,Mobile App,50260,40208.0,3138.0,0.078,2026-03
1640,2026-03-28,C378,Smartwatch,Electronics,2,8070,6000,0.0,Bengaluru,Mobile App,16140,16140.0,4140.0,0.2565,2026-03
2065,2026-03-28,C385,Phone Case,Accessories,1,400,200,0.25,Chennai,Mobile App,400,300.0,100.0,0.3333,2026-03
2065,2026-03-28,C385,Smart TV,Electronics,1,35550,24640,0.3,Chennai,Mobile App,35550,24885.0,245.0,0.0098,2026-03
1213,2026-03-29,C047,Formal Shirt,Apparel,3,1430,610,0.2,Coimbatore,Web,4290,3432.0,1602.0,0.4668,2026-03
1148,2026-03-30,C379,Smart TV,Electronics,1,35160,26240,0.1,Hyderabad,Web,35160,31644.0,5404.0,0.1708,2026-03
1148,2026-03-30,C379,Tablet,Electronics,1,17990,13370,0.25,Hyderabad,Web,17990,13492.5,122.5,0.0091,2026-03
1148,2026-03-30,C379,Dinner Set,Home & Kitchen,1,1950,1220,0.0,Hyderabad,Web,1950,1950.0,730.0,0.3744,2026-03
1704,2026-03-30,C573,Smart TV,Electronics,1,34300,24790,0.2,Unknown,Mobile App,34300,27440.0,2650.0,0.0966,2026-03
2052,2026-03-30,C234,Sunglasses,Accessories,2,1300,660,0.05,Salem,Web,2600,2470.0,1150.0,0.4656,2026-03
2052,2026-03-30,C234,Bookshelf,Furniture,1,4390,2340,0.3,Salem,Web,4390,3073.0,733.0,0.2385,2026-03
2052,2026-03-30,C234,Formal Shirt,Apparel,1,1450,590,0.3,Salem,Web,1450,1015.0,425.0,0.4187,2026-03
1004,2026-03-31,C536,Phone,Electronics,1,20170,14760,0.3,Chennai,Web,20170,14119.0,-641.0,-0.0454,2026-03
1479,2026-03-31,C118,Mixer Grinder,Home & Kitchen,4,4110,2650,0.05,Salem,Mobile App,16440,15618.0,5018.0,0.3213,2026-03
1115,2026-04-02,C428,Tablet,Electronics,1,17960,13050,0.15,Trichy,Web,17960,15266.0,2216.0,0.1452,2026-04
1376,2026-04-02,C391,Smart TV,Electronics,1,35060,25810,0.15,Chennai,Mobile App,35060,29801.0,3991.0,0.1339,2026-04
1376,2026-04-02,C391,Bed Frame,Furniture,1,18310,10280,0.05,Chennai,Mobile App,18310,17394.5,7114.5,0.409,2026-04
1420,2026-04-02,C260,Dinner Set,Home & Kitchen,3,1860,1160,0.1,Chennai,Web,5580,5022.0,1542.0,0.307,2026-04
1420,2026-04-02,C260,Tablet,Electronics,1,17990,12800,0.3,Chennai,Web,17990,12593.0,-207.0,-0.0164,2026-04
1648,2026-04-02,C496,Phone,Electronics,1,19420,13940,0.25,Madurai,Mobile App,19420,14565.0,625.0,0.0429,2026-04
1953,2026-04-02,C103,Laptop,Electronics,1,51410,36440,0.05,Kochi,Mobile App,51410,48839.5,12399.5,0.2539,2026-04
1953,2026-04-02,C103,Cookware Set,Home & Kitchen,1,2860,1760,0.25,Kochi,Mobile App,2860,2145.0,385.0,0.1795,2026-04
2105,2026-04-02,C543,Wallet,Accessories,3,820,390,0.1,Hyderabad,Mobile App,2460,2214.0,1044.0,0.4715,2026-04
1083,2026-04-03,C473,Sofa Set,Furniture,1,31180,18300,0.3,Madurai,Web,31180,21826.0,3526.0,0.1616,2026-04
1111,2026-04-03,C331,Laptop,Electronics,1,49930,36310,0.3,Salem,Mobile App,49930,34951.0,-1359.0,-0.0389,2026-04
1633,2026-04-03,C364,Jacket,Apparel,1,2900,1220,0.0,Bengaluru,Mobile App,2900,2900.0,1680.0,0.5793,2026-04
1916,2026-04-03,C328,Phone,Electronics,1,20240,14570,0.0,Bengaluru,Mobile App,20240,20240.0,5670.0,0.2801,2026-04
1945,2026-04-03,C027,Sunglasses,Accessories,2,1260,610,0.0,Bengaluru,Web,2520,2520.0,1300.0,0.5159,2026-04
1945,2026-04-03,C027,Cookware Set,Home & Kitchen,4,2830,1780,0.1,Bengaluru,Web,11320,10188.0,3068.0,0.3011,2026-04
1141,2026-04-04,C280,Phone,Electronics,1,19570,14660,0.25,Coimbatore,Mobile App,19570,14677.5,17.5,0.0012,2026-04
1141,2026-04-04,C280,Microwave,Home & Kitchen,2,9170,5950,0.2,Coimbatore,Mobile App,18340,14672.0,2772.0,0.1889,2026-04
1141,2026-04-04,C280,Jeans,Apparel,2,1790,750,0.1,Coimbatore,Mobile App,3580,3222.0,1722.0,0.5345,2026-04
1273,2026-04-04,C583,Study Table,Furniture,1,5790,3320,0.3,Madurai,Web,5790,4053.0,733.0,0.1809,2026-04
1480,2026-04-04,C155,Jacket,Apparel,1,2860,1280,0.1,Hyderabad,Mobile App,2860,2574.0,1294.0,0.5027,2026-04
1616,2026-04-04,C048,Wardrobe,Furniture,1,21380,12440,0.3,Bengaluru,Web,21380,14966.0,2526.0,0.1688,2026-04
1616,2026-04-04,C048,Power Bank,Electronics,1,1500,1040,0.25,Bengaluru,Web,1500,1125.0,85.0,0.0756,2026-04
1616,2026-04-04,C048,Laptop Sleeve,Accessories,1,920,450,0.0,Bengaluru,Web,920,920.0,470.0,0.5109,2026-04
1731,2026-04-04,C254,Jacket,Apparel,1,2770,1210,0.1,Coimbatore,Mobile App,2770,2493.0,1283.0,0.5146,2026-04
1903,2026-04-04,C552,Tablet,Electronics,1,18470,12860,0.2,Kochi,Mobile App,18470,14776.0,1916.0,0.1297,2026-04
1903,2026-04-04,C552,Bluetooth Speaker,Electronics,1,3500,2450,0.05,Kochi,Mobile App,3500,3325.0,875.0,0.2632,2026-04
2056,2026-04-04,C626,Study Table,Furniture,1,6160,3320,0.05,Chennai,Mobile App,6160,5852.0,2532.0,0.4327,2026-04
1035,2026-04-05,C512,Formal Shirt,Apparel,5,1360,590,0.05,Bengaluru,Mobile App,6800,6460.0,3510.0,0.5433,2026-04
1620,2026-04-05,C145,Phone Case,Accessories,3,410,190,0.1,Bengaluru,Mobile App,1230,1107.0,537.0,0.4851,2026-04
1620,2026-04-05,C145,Power Bank,Electronics,3,1500,1100,0.0,Bengaluru,Mobile App,4500,4500.0,1200.0,0.2667,2026-04
1685,2026-04-05,C111,Belt,Accessories,1,600,300,0.3,Chennai,Web,600,420.0,120.0,0.2857,2026-04
1685,2026-04-05,C111,Headphones,Electronics,1,2570,1850,0.2,Chennai,Web,2570,2056.0,206.0,0.1002,2026-04
1880,2026-04-05,C623,Smartwatch,Electronics,1,8170,6090,0.3,Coimbatore,Mobile App,8170,5719.0,-371.0,-0.0649,2026-04
1134,2026-04-06,C417,Laptop,Electronics,1,50140,35160,0.05,Trichy,Web,50140,47633.0,12473.0,0.2619,2026-04
1185,2026-04-07,C478,Tablet,Electronics,1,18180,12820,0.25,Bengaluru,Web,18180,13635.0,815.0,0.0598,2026-04
1326,2026-04-07,C269,Tablet,Electronics,1,18670,13710,0.3,Hyderabad,Mobile App,18670,13069.0,-641.0,-0.049,2026-04
1326,2026-04-07,C269,Phone,Electronics,1,19230,14080,0.15,Hyderabad,Mobile App,19230,16345.5,2265.5,0.1386,2026-04
1428,2026-04-07,C253,Smart TV,Electronics,1,33690,23880,0.0,Chennai,Mobile App,33690,33690.0,9810.0,0.2912,2026-04
2122,2026-04-07,C112,Bluetooth Speaker,Electronics,1,3450,2550,0.25,Kochi,Web,3450,2587.5,37.5,0.0145,2026-04
2122,2026-04-07,C112,Laptop,Electronics,1,49200,36790,0.05,Kochi,Web,49200,46740.0,9950.0,0.2129,2026-04
1090,2026-04-08,C594,Laptop,Electronics,2,49030,34360,0.15,Chennai,Web,98060,83351.0,14631.0,0.1755,2026-04
1692,2026-04-08,C580,Formal Shirt,Apparel,2,1440,620,0.15,Coimbatore,Mobile App,2880,2448.0,1208.0,0.4935,2026-04
1789,2026-04-08,C603,Sofa Set,Furniture,1,31580,17970,0.25,Coimbatore,Mobile App,31580,23685.0,5715.0,0.2413,2026-04
1944,2026-04-08,C286,Mixer Grinder,Home & Kitchen,2,4340,2890,0.05,Hyderabad,Mobile App,8680,8246.0,2466.0,0.2991,2026-04
1123,2026-04-09,C592,Smart TV,Electronics,1,34050,23960,0.1,Hyderabad,Mobile App,34050,30645.0,6685.0,0.2181,2026-04
1123,2026-04-09,C592,Smartwatch,Electronics,1,8090,5710,0.25,Hyderabad,Mobile App,8090,6067.5,357.5,0.0589,2026-04
1338,2026-04-09,C035,Power Bank,Electronics,4,1440,1070,0.3,Salem,Mobile App,5760,4032.0,-248.0,-0.0615,2026-04
1338,2026-04-09,C035,Wardrobe,Furniture,1,21850,12680,0.2,Salem,Mobile App,21850,17480.0,4800.0,0.2746,2026-04
1985,2026-04-10,C386,Water Purifier,Home & Kitchen,1,11750,7750,0.1,Madurai,Mobile App,11750,10575.0,2825.0,0.2671,2026-04
1022,2026-04-11,C440,Saree,Apparel,2,3410,1550,0.2,Hyderabad,Web,6820,5456.0,2356.0,0.4318,2026-04
1496,2026-04-11,C399,Phone,Electronics,1,20400,15210,0.1,Madurai,Mobile App,20400,18360.0,3150.0,0.1716,2026-04
1946,2026-04-11,C485,Power Bank,Electronics,4,1540,1100,0.1,Chennai,Web,6160,5544.0,1144.0,0.2063,2026-04
1946,2026-04-11,C485,Phone Case,Accessories,1,410,190,0.2,Chennai,Web,410,328.0,138.0,0.4207,2026-04
1946,2026-04-11,C485,Phone,Electronics,1,19940,14610,0.05,Chennai,Web,19940,18943.0,4333.0,0.2287,2026-04
1139,2026-04-12,C592,Phone,Electronics,1,19640,13690,0.0,Hyderabad,Web,19640,19640.0,5950.0,0.303,2026-04
1139,2026-04-12,C592,T-Shirt,Apparel,3,680,280,0.05,Hyderabad,Web,2040,1938.0,1098.0,0.5666,2026-04
1533,2026-04-12,C060,Smartwatch,Electronics,1,8240,5800,0.1,Coimbatore,Web,8240,7416.0,1616.0,0.2179,2026-04
1597,2026-04-12,C612,Phone Case,Accessories,4,400,190,0.0,Hyderabad,Web,1600,1600.0,840.0,0.525,2026-04
1745,2026-04-12,C427,Phone,Electronics,1,19680,13850,0.15,Bengaluru,Mobile App,19680,16728.0,2878.0,0.172,2026-04
2051,2026-04-12,C398,Formal Shirt,Apparel,2,1360,610,0.05,Hyderabad,Web,2720,2584.0,1364.0,0.5279,2026-04
2051,2026-04-12,C398,Bed Frame,Furniture,1,17670,9970,0.0,Hyderabad,Web,17670,17670.0,7700.0,0.4358,2026-04
2072,2026-04-12,C371,Headphones,Electronics,3,2400,1720,0.2,Coimbatore,Mobile App,7200,5760.0,600.0,0.1042,2026-04
1234,2026-04-13,C413,Phone,Electronics,1,19840,14050,0.25,Madurai,Mobile App,19840,14880.0,830.0,0.0558,2026-04
1473,2026-04-13,C333,Saree,Apparel,1,3620,1570,0.0,Bengaluru,Mobile App,3620,3620.0,2050.0,0.5663,2026-04
1473,2026-04-13,C333,Power Bank,Electronics,1,1480,1030,0.25,Bengaluru,Mobile App,1480,1110.0,80.0,0.0721,2026-04
1760,2026-04-13,C497,Phone Case,Accessories,4,390,180,0.1,Bengaluru,Web,1560,1404.0,684.0,0.4872,2026-04
1760,2026-04-13,C497,Smartwatch,Electronics,1,7770,5650,0.2,Bengaluru,Web,7770,6216.0,566.0,0.0911,2026-04
2148,2026-04-13,C315,Smart TV,Electronics,1,36190,26300,0.05,Coimbatore,Mobile App,36190,34380.5,8080.5,0.235,2026-04
2148,2026-04-13,C315,Water Purifier,Home & Kitchen,1,12240,8160,0.1,Coimbatore,Mobile App,12240,11016.0,2856.0,0.2593,2026-04
1450,2026-04-14,C597,Kurta,Apparel,3,1200,540,0.3,Coimbatore,Web,3600,2520.0,900.0,0.3571,2026-04
1493,2026-04-14,C106,Cookware Set,Home & Kitchen,4,2740,1770,0.25,Coimbatore,Web,10960,8220.0,1140.0,0.1387,2026-04
2095,2026-04-14,C261,Water Purifier,Home & Kitchen,2,12180,7450,0.15,Chennai,Mobile App,24360,20706.0,5806.0,0.2804,2026-04
1197,2026-04-15,C377,T-Shirt,Apparel,3,700,300,0.1,Coimbatore,Mobile App,2100,1890.0,990.0,0.5238,2026-04
1402,2026-04-15,C259,Bookshelf,Furniture,2,4610,2640,0.0,Chennai,Mobile App,9220,9220.0,3940.0,0.4273,2026-04
1402,2026-04-15,C259,Study Table,Furniture,2,5850,3320,0.0,Chennai,Mobile App,11700,11700.0,5060.0,0.4325,2026-04
1372,2026-04-16,C072,Microwave,Home & Kitchen,1,9720,6040,0.1,Hyderabad,Mobile App,9720,8748.0,2708.0,0.3096,2026-04
1562,2026-04-17,C291,T-Shirt,Apparel,1,680,310,0.15,Bengaluru,Web,680,578.0,268.0,0.4637,2026-04
1991,2026-04-17,C283,Wardrobe,Furniture,1,22720,12240,0.1,Bengaluru,Mobile App,22720,20448.0,8208.0,0.4014,2026-04
1015,2026-04-18,C430,Power Bank,Electronics,3,1490,1030,0.15,Madurai,Mobile App,4470,3799.5,709.5,0.1867,2026-04
1521,2026-04-18,C246,Smart TV,Electronics,1,34970,25530,0.0,Kochi,Web,34970,34970.0,9440.0,0.2699,2026-04
1601,2026-04-18,C003,Belt,Accessories,3,600,300,0.25,Chennai,Mobile App,1800,1350.0,450.0,0.3333,2026-04
1354,2026-04-19,C432,Phone,Electronics,1,19570,13550,0.2,Chennai,Mobile App,19570,15656.0,2106.0,0.1345,2026-04
1358,2026-04-19,C107,Pressure Cooker,Home & Kitchen,2,1630,1090,0.05,Bengaluru,Mobile App,3260,3097.0,917.0,0.2961,2026-04
1378,2026-04-19,C427,Dinner Set,Home & Kitchen,2,1970,1300,0.2,Bengaluru,Web,3940,3152.0,552.0,0.1751,2026-04
2113,2026-04-19,C430,Backpack,Accessories,1,1460,670,0.25,Madurai,Mobile App,1460,1095.0,425.0,0.3881,2026-04
1631,2026-04-20,C103,Microwave,Home & Kitchen,1,9610,6200,0.1,Kochi,Web,9610,8649.0,2449.0,0.2832,2026-04
1631,2026-04-20,C103,Water Purifier,Home & Kitchen,2,11620,7290,0.0,Kochi,Web,23240,23240.0,8660.0,0.3726,2026-04
1631,2026-04-20,C103,Bed Frame,Furniture,1,17800,10330,0.05,Kochi,Web,17800,16910.0,6580.0,0.3891,2026-04
1650,2026-04-20,C060,Smart TV,Electronics,1,36320,25190,0.05,Coimbatore,Mobile App,36320,34504.0,9314.0,0.2699,2026-04
1688,2026-04-20,C525,Jeans,Apparel,1,1800,750,0.3,Bengaluru,Mobile App,1800,1260.0,510.0,0.4048,2026-04
1688,2026-04-20,C525,Headphones,Electronics,1,2520,1800,0.25,Bengaluru,Mobile App,2520,1890.0,90.0,0.0476,2026-04
1688,2026-04-20,C525,Phone,Electronics,2,19350,13470,0.15,Bengaluru,Mobile App,38700,32895.0,5955.0,0.181,2026-04
1715,2026-04-20,C377,Phone,Electronics,1,19940,14280,0.3,Coimbatore,Mobile App,19940,13958.0,-322.0,-0.0231,2026-04
1715,2026-04-20,C377,Water Purifier,Home & Kitchen,1,11640,7500,0.05,Coimbatore,Mobile App,11640,11058.0,3558.0,0.3218,2026-04
1851,2026-04-20,C036,Mixer Grinder,Home & Kitchen,3,4120,2600,0.0,Salem,Mobile App,12360,12360.0,4560.0,0.3689,2026-04
1851,2026-04-20,C036,Bed Frame,Furniture,1,17680,10010,0.0,Salem,Mobile App,17680,17680.0,7670.0,0.4338,2026-04
1871,2026-04-20,C208,Phone,Electronics,2,19480,14540,0.2,Coimbatore,Web,38960,31168.0,2088.0,0.067,2026-04
1978,2026-04-21,C092,Phone,Electronics,1,19350,13810,0.1,Trichy,Web,19350,17415.0,3605.0,0.207,2026-04
1670,2026-04-22,C007,Jeans,Apparel,1,1730,710,0.15,Coimbatore,Web,1730,1470.5,760.5,0.5172,2026-04
1251,2026-04-23,C188,T-Shirt,Apparel,5,680,300,0.0,Bengaluru,Mobile App,3400,3400.0,1900.0,0.5588,2026-04
1582,2026-04-23,C486,Headphones,Electronics,2,2420,1800,0.3,Salem,Web,4840,3388.0,-212.0,-0.0626,2026-04
1582,2026-04-23,C486,Formal Shirt,Apparel,1,1420,590,0.3,Salem,Web,1420,994.0,404.0,0.4064,2026-04
1684,2026-04-23,C462,Phone,Electronics,1,19870,14220,0.15,Chennai,Web,19870,16889.5,2669.5,0.1581,2026-04
1684,2026-04-23,C462,Bookshelf,Furniture,2,4320,2370,0.2,Chennai,Web,8640,6912.0,2172.0,0.3142,2026-04
1877,2026-04-23,C626,T-Shirt,Apparel,2,710,300,0.15,Chennai,Mobile App,1420,1207.0,607.0,0.5029,2026-04
2087,2026-04-23,C562,Cookware Set,Home & Kitchen,1,2870,1880,0.2,Bengaluru,Mobile App,2870,2296.0,416.0,0.1812,2026-04
1383,2026-04-24,C622,Water Purifier,Home & Kitchen,2,12270,8180,0.0,Bengaluru,Mobile App,24540,24540.0,8180.0,0.3333,2026-04
1383,2026-04-24,C622,Phone,Electronics,1,20210,15000,0.05,Bengaluru,Mobile App,20210,19199.5,4199.5,0.2187,2026-04
1383,2026-04-24,C622,Sofa Set,Furniture,1,31890,18510,0.0,Bengaluru,Mobile App,31890,31890.0,13380.0,0.4196,2026-04
1032,2026-04-25,C451,Smart TV,Electronics,2,34320,24160,0.1,Hyderabad,Mobile App,68640,61776.0,13456.0,0.2178,2026-04
1032,2026-04-25,C451,Mixer Grinder,Home & Kitchen,2,4080,2510,0.2,Hyderabad,Mobile App,8160,6528.0,1508.0,0.231,2026-04
1070,2026-04-25,C204,Microwave,Home & Kitchen,2,9690,6250,0.0,Bengaluru,Mobile App,19380,19380.0,6880.0,0.355,2026-04
1803,2026-04-26,C266,Laptop Sleeve,Accessories,4,910,420,0.15,Madurai,Web,3640,3094.0,1414.0,0.457,2026-04
1037,2026-04-27,C018,Headphones,Electronics,3,2410,1760,0.3,Salem,Web,7230,5061.0,-219.0,-0.0433,2026-04
1039,2026-04-27,C608,Bookshelf,Furniture,1,4670,2660,0.1,Salem,Mobile App,4670,4203.0,1543.0,0.3671,2026-04
1347,2026-04-27,C246,Phone,Electronics,1,19660,13870,0.3,Kochi,Web,19660,13762.0,-108.0,-0.0078,2026-04
1435,2026-04-27,C416,Kurta,Apparel,1,1230,540,0.05,Coimbatore,Web,1230,1168.5,628.5,0.5379,2026-04
1719,2026-04-27,C309,Pressure Cooker,Home & Kitchen,1,1610,1020,0.1,Bengaluru,Mobile App,1610,1449.0,429.0,0.2961,2026-04
1138,2026-04-28,C321,Microwave,Home & Kitchen,1,9150,6100,0.05,Hyderabad,Web,9150,8692.5,2592.5,0.2982,2026-04
1657,2026-04-28,C341,Tablet,Electronics,1,17360,12020,0.0,Chennai,Mobile App,17360,17360.0,5340.0,0.3076,2026-04
1657,2026-04-28,C341,Smart TV,Electronics,1,34230,24890,0.1,Chennai,Mobile App,34230,30807.0,5917.0,0.1921,2026-04
1915,2026-04-28,C524,Water Purifier,Home & Kitchen,1,12200,7700,0.3,Madurai,Web,12200,8540.0,840.0,0.0984,2026-04
1452,2026-04-29,C395,Phone Case,Accessories,3,420,210,0.25,Hyderabad,Web,1260,945.0,315.0,0.3333,2026-04
1452,2026-04-29,C395,Laptop,Electronics,1,49200,36380,0.1,Hyderabad,Web,49200,44280.0,7900.0,0.1784,2026-04
1612,2026-04-29,C493,Smart TV,Electronics,1,33790,24140,0.2,Bengaluru,Web,33790,27032.0,2892.0,0.107,2026-04
1799,2026-04-29,C453,Smart TV,Electronics,1,35520,24720,0.25,Coimbatore,Mobile App,35520,26640.0,1920.0,0.0721,2026-04
1913,2026-04-29,C493,Dinner Set,Home & Kitchen,1,1970,1320,0.1,Bengaluru,Web,1970,1773.0,453.0,0.2555,2026-04
1913,2026-04-29,C493,Bookshelf,Furniture,2,4660,2670,0.05,Bengaluru,Web,9320,8854.0,3514.0,0.3969,2026-04
1363,2026-04-30,C402,Microwave,Home & Kitchen,1,9520,5970,0.25,Madurai,Web,9520,7140.0,1170.0,0.1639,2026-04
1942,2026-04-30,C371,Microwave,Home & Kitchen,1,9250,6160,0.0,Coimbatore,Web,9250,9250.0,3090.0,0.3341,2026-04
2112,2026-04-30,C172,Wallet,Accessories,3,770,350,0.05,Chennai,Web,2310,2194.5,1144.5,0.5215,2026-04
1299,2026-05-01,C174,Formal Shirt,Apparel,2,1350,600,0.1,Chennai,Web,2700,2430.0,1230.0,0.5062,2026-05
1484,2026-05-01,C120,Headphones,Electronics,1,2460,1760,0.25,Hyderabad,Mobile App,2460,1845.0,85.0,0.0461,2026-05
1646,2026-05-01,C084,Phone,Electronics,1,20640,14700,0.3,Coimbatore,Web,20640,14448.0,-252.0,-0.0174,2026-05
1931,2026-05-02,C288,Tablet,Electronics,2,18450,13650,0.3,Bengaluru,Mobile App,36900,25830.0,-1470.0,-0.0569,2026-05
1956,2026-05-02,C258,Formal Shirt,Apparel,1,1450,650,0.25,Hyderabad,Mobile App,1450,1087.5,437.5,0.4023,2026-05
1956,2026-05-02,C258,Mixer Grinder,Home & Kitchen,2,4080,2600,0.0,Hyderabad,Mobile App,8160,8160.0,2960.0,0.3627,2026-05
1956,2026-05-02,C258,Headphones,Electronics,1,2480,1740,0.2,Hyderabad,Mobile App,2480,1984.0,244.0,0.123,2026-05
2126,2026-05-02,C391,Bluetooth Speaker,Electronics,1,3610,2650,0.3,Chennai,Web,3610,2527.0,-123.0,-0.0487,2026-05
1025,2026-05-03,C138,Headphones,Electronics,3,2520,1760,0.1,Trichy,Web,7560,6804.0,1524.0,0.224,2026-05
1163,2026-05-03,C355,Laptop,Electronics,1,48840,35280,0.15,Chennai,Web,48840,41514.0,6234.0,0.1502,2026-05
1469,2026-05-03,C612,Jacket,Apparel,1,2880,1250,0.0,Hyderabad,Mobile App,2880,2880.0,1630.0,0.566,2026-05
2047,2026-05-03,C037,Mixer Grinder,Home & Kitchen,1,4220,2690,0.1,Chennai,Mobile App,4220,3798.0,1108.0,0.2917,2026-05
2096,2026-05-03,C025,Office Chair,Furniture,1,7380,4220,0.15,Hyderabad,Mobile App,7380,6273.0,2053.0,0.3273,2026-05
1390,2026-05-04,C113,Pressure Cooker,Home & Kitchen,4,1630,1010,0.05,Madurai,Mobile App,6520,6194.0,2154.0,0.3478,2026-05
1390,2026-05-04,C113,Power Bank,Electronics,1,1460,1030,0.1,Madurai,Mobile App,1460,1314.0,284.0,0.2161,2026-05
1467,2026-05-04,C046,Bed Frame,Furniture,2,18710,10540,0.0,Chennai,Mobile App,37420,37420.0,16340.0,0.4367,2026-05
1568,2026-05-04,C239,Wardrobe,Furniture,1,22370,12560,0.0,Kochi,Mobile App,22370,22370.0,9810.0,0.4385,2026-05
1568,2026-05-04,C239,Dinner Set,Home & Kitchen,1,1910,1180,0.05,Kochi,Mobile App,1910,1814.5,634.5,0.3497,2026-05
1748,2026-05-04,C629,Smartwatch,Electronics,2,8000,5950,0.0,Coimbatore,Mobile App,16000,16000.0,4100.0,0.2562,2026-05
1748,2026-05-04,C629,Bed Frame,Furniture,1,18440,10310,0.0,Coimbatore,Mobile App,18440,18440.0,8130.0,0.4409,2026-05
2025,2026-05-04,C581,Tablet,Electronics,1,17900,12980,0.2,Chennai,Web,17900,14320.0,1340.0,0.0936,2026-05
1040,2026-05-05,C073,Smartwatch,Electronics,1,7900,5770,0.25,Madurai,Web,7900,5925.0,155.0,0.0262,2026-05
1465,2026-05-05,C438,Microwave,Home & Kitchen,1,9740,6040,0.25,Coimbatore,Mobile App,9740,7305.0,1265.0,0.1732,2026-05
1504,2026-05-05,C084,Phone,Electronics,1,20160,14960,0.2,Coimbatore,Mobile App,20160,16128.0,1168.0,0.0724,2026-05
1504,2026-05-05,C084,Formal Shirt,Apparel,3,1390,620,0.1,Coimbatore,Mobile App,4170,3753.0,1893.0,0.5044,2026-05
1592,2026-05-05,C062,Headphones,Electronics,1,2560,1870,0.05,Chennai,Web,2560,2432.0,562.0,0.2311,2026-05
2035,2026-05-05,C581,Cookware Set,Home & Kitchen,1,2830,1740,0.05,Chennai,Web,2830,2688.5,948.5,0.3528,2026-05
1031,2026-05-07,C519,Bed Frame,Furniture,1,17580,10300,0.0,Salem,Web,17580,17580.0,7280.0,0.4141,2026-05
1086,2026-05-07,C325,Kurta,Apparel,1,1180,520,0.15,Chennai,Mobile App,1180,1003.0,483.0,0.4816,2026-05
1086,2026-05-07,C325,Headphones,Electronics,2,2530,1870,0.1,Chennai,Mobile App,5060,4554.0,814.0,0.1787,2026-05
1171,2026-05-07,C162,Phone Case,Accessories,5,420,190,0.25,Trichy,Mobile App,2100,1575.0,625.0,0.3968,2026-05
1220,2026-05-07,C199,T-Shirt,Apparel,3,720,310,0.1,Bengaluru,Mobile App,2160,1944.0,1014.0,0.5216,2026-05
2062,2026-05-07,C352,Headphones,Electronics,1,2560,1800,0.1,Chennai,Mobile App,2560,2304.0,504.0,0.2188,2026-05
2062,2026-05-07,C352,Smartwatch,Electronics,1,7870,5540,0.15,Chennai,Mobile App,7870,6689.5,1149.5,0.1718,2026-05
1577,2026-05-08,C470,Study Table,Furniture,1,5970,3220,0.0,Coimbatore,Web,5970,5970.0,2750.0,0.4606,2026-05
1904,2026-05-08,C053,Backpack,Accessories,1,1530,780,0.0,Madurai,Web,1530,1530.0,750.0,0.4902,2026-05
1904,2026-05-08,C053,Bookshelf,Furniture,2,4650,2660,0.15,Madurai,Web,9300,7905.0,2585.0,0.327,2026-05
1060,2026-05-09,C421,Bluetooth Speaker,Electronics,2,3370,2510,0.2,Bengaluru,Web,6740,5392.0,372.0,0.069,2026-05
1959,2026-05-09,C208,Water Purifier,Home & Kitchen,2,12290,7510,0.1,Coimbatore,Mobile App,24580,22122.0,7102.0,0.321,2026-05
2130,2026-05-09,C187,Smartwatch,Electronics,1,8190,6030,0.15,Chennai,Web,8190,6961.5,931.5,0.1338,2026-05
2130,2026-05-09,C187,T-Shirt,Apparel,1,700,330,0.1,Chennai,Web,700,630.0,300.0,0.4762,2026-05
2130,2026-05-09,C187,Smart TV,Electronics,1,34190,24960,0.15,Chennai,Web,34190,29061.5,4101.5,0.1411,2026-05
1349,2026-05-10,C574,Backpack,Accessories,4,1560,790,0.1,Madurai,Mobile App,6240,5616.0,2456.0,0.4373,2026-05
1349,2026-05-10,C574,Smartwatch,Electronics,1,7740,5370,0.05,Madurai,Mobile App,7740,7353.0,1983.0,0.2697,2026-05
1552,2026-05-10,C019,T-Shirt,Apparel,4,700,330,0.1,Madurai,Web,2800,2520.0,1200.0,0.4762,2026-05
1552,2026-05-10,C019,Phone,Electronics,1,19370,13390,0.15,Madurai,Web,19370,16464.5,3074.5,0.1867,2026-05
1930,2026-05-10,C111,Tablet,Electronics,2,18200,12580,0.05,Chennai,Web,36400,34580.0,9420.0,0.2724,2026-05
1046,2026-05-11,C130,Tablet,Electronics,3,17770,13150,0.1,Chennai,Web,53310,47979.0,8529.0,0.1778,2026-05
1046,2026-05-11,C130,Office Chair,Furniture,1,7620,4060,0.0,Chennai,Web,7620,7620.0,3560.0,0.4672,2026-05
1047,2026-05-11,C433,Water Purifier,Home & Kitchen,1,11700,7790,0.1,Chennai,Mobile App,11700,10530.0,2740.0,0.2602,2026-05
1135,2026-05-11,C476,Phone,Electronics,1,19990,14200,0.25,Chennai,Mobile App,19990,14992.5,792.5,0.0529,2026-05
1446,2026-05-11,C613,Power Bank,Electronics,1,1550,1120,0.05,Madurai,Mobile App,1550,1472.5,352.5,0.2394,2026-05
2074,2026-05-12,C457,Office Chair,Furniture,1,7440,4170,0.15,Chennai,Mobile App,7440,6324.0,2154.0,0.3406,2026-05
2074,2026-05-12,C457,Tablet,Electronics,1,18140,12920,0.2,Chennai,Mobile App,18140,14512.0,1592.0,0.1097,2026-05
1223,2026-05-13,C229,Phone Case,Accessories,2,390,190,0.1,Coimbatore,Mobile App,780,702.0,322.0,0.4587,2026-05
1249,2026-05-13,C304,Smart TV,Electronics,1,35110,24870,0.25,Madurai,Mobile App,35110,26332.5,1462.5,0.0555,2026-05
1755,2026-05-13,C564,Laptop,Electronics,1,51320,37270,0.2,Kochi,Mobile App,51320,41056.0,3786.0,0.0922,2026-05
1831,2026-05-13,C237,Kurta,Apparel,4,1180,510,0.1,Salem,Mobile App,4720,4248.0,2208.0,0.5198,2026-05
1831,2026-05-13,C237,Phone,Electronics,1,20040,14040,0.0,Salem,Mobile App,20040,20040.0,6000.0,0.2994,2026-05
1831,2026-05-13,C237,Power Bank,Electronics,1,1510,1060,0.05,Salem,Mobile App,1510,1434.5,374.5,0.2611,2026-05
2083,2026-05-14,C107,Backpack,Accessories,2,1450,690,0.0,Bengaluru,Web,2900,2900.0,1520.0,0.5241,2026-05
1564,2026-05-15,C107,Pressure Cooker,Home & Kitchen,2,1540,960,0.05,Bengaluru,Mobile App,3080,2926.0,1006.0,0.3438,2026-05
1573,2026-05-15,C592,Smart TV,Electronics,1,34110,23910,0.05,Hyderabad,Web,34110,32404.5,8494.5,0.2621,2026-05
1573,2026-05-15,C592,Bed Frame,Furniture,1,18330,10430,0.0,Hyderabad,Web,18330,18330.0,7900.0,0.431,2026-05
1599,2026-05-15,C284,Phone,Electronics,1,20140,14360,0.25,Chennai,Mobile App,20140,15105.0,745.0,0.0493,2026-05
1599,2026-05-15,C284,Smart TV,Electronics,1,34740,25520,0.25,Chennai,Mobile App,34740,26055.0,535.0,0.0205,2026-05
1750,2026-05-16,C452,Microwave,Home & Kitchen,1,9840,6360,0.15,Bengaluru,Web,9840,8364.0,2004.0,0.2396,2026-05
1750,2026-05-16,C452,Bluetooth Speaker,Electronics,1,3470,2510,0.05,Bengaluru,Web,3470,3296.5,786.5,0.2386,2026-05
2008,2026-05-16,C197,Headphones,Electronics,2,2530,1890,0.1,Chennai,Mobile App,5060,4554.0,774.0,0.17,2026-05
1158,2026-05-17,C176,Water Purifier,Home & Kitchen,1,12000,7480,0.1,Madurai,Web,12000,10800.0,3320.0,0.3074,2026-05
1227,2026-05-17,C477,Jeans,Apparel,3,1790,740,0.0,Coimbatore,Mobile App,5370,5370.0,3150.0,0.5866,2026-05
1227,2026-05-17,C477,Wardrobe,Furniture,1,22430,13180,0.1,Coimbatore,Mobile App,22430,20187.0,7007.0,0.3471,2026-05
1466,2026-05-17,C316,Phone,Electronics,2,20110,14350,0.05,Chennai,Mobile App,40220,38209.0,9509.0,0.2489,2026-05
1466,2026-05-17,C316,T-Shirt,Apparel,1,690,310,0.25,Chennai,Mobile App,690,517.5,207.5,0.401,2026-05
1541,2026-05-17,C203,Phone Case,Accessories,2,410,200,0.1,Salem,Mobile App,820,738.0,338.0,0.458,2026-05
1656,2026-05-17,C610,Power Bank,Electronics,2,1510,1090,0.1,Bengaluru,Web,3020,2718.0,538.0,0.1979,2026-05
1743,2026-05-17,C123,T-Shirt,Apparel,3,730,340,0.0,Bengaluru,Web,2190,2190.0,1170.0,0.5342,2026-05
1769,2026-05-17,C391,Smart TV,Electronics,1,35830,25990,0.1,Chennai,Web,35830,32247.0,6257.0,0.194,2026-05
2134,2026-05-17,C313,Tablet,Electronics,1,18660,13520,0.2,Chennai,Mobile App,18660,14928.0,1408.0,0.0943,2026-05
1084,2026-05-18,C374,Tablet,Electronics,1,17980,12470,0.0,Salem,Mobile App,17980,17980.0,5510.0,0.3065,2026-05
1177,2026-05-18,C409,Microwave,Home & Kitchen,1,9680,6250,0.25,Chennai,Web,9680,7260.0,1010.0,0.1391,2026-05
1179,2026-05-18,C427,Microwave,Home & Kitchen,1,9160,5750,0.05,Bengaluru,Mobile App,9160,8702.0,2952.0,0.3392,2026-05
1332,2026-05-18,C188,Formal Shirt,Apparel,1,1450,680,0.25,Bengaluru,Mobile App,1450,1087.5,407.5,0.3747,2026-05
1658,2026-05-18,C043,Tablet,Electronics,1,18410,13090,0.15,Madurai,Mobile App,18410,15648.5,2558.5,0.1635,2026-05
1659,2026-05-18,C250,Dinner Set,Home & Kitchen,3,1900,1190,0.05,Chennai,Web,5700,5415.0,1845.0,0.3407,2026-05
1819,2026-05-18,C095,Jacket,Apparel,1,2780,1240,0.1,Hyderabad,Web,2780,2502.0,1262.0,0.5044,2026-05
1393,2026-05-19,C427,Jeans,Apparel,3,1870,830,0.15,Bengaluru,Mobile App,5610,4768.5,2278.5,0.4778,2026-05
1393,2026-05-19,C427,Office Chair,Furniture,1,7560,4170,0.15,Bengaluru,Mobile App,7560,6426.0,2256.0,0.3511,2026-05
1545,2026-05-19,C134,Bluetooth Speaker,Electronics,3,3620,2640,0.0,Bengaluru,Mobile App,10860,10860.0,2940.0,0.2707,2026-05
1701,2026-05-19,C362,Saree,Apparel,1,3550,1550,0.0,Madurai,Mobile App,3550,3550.0,2000.0,0.5634,2026-05
1056,2026-05-20,C402,Mixer Grinder,Home & Kitchen,4,4340,2750,0.3,Madurai,Mobile App,17360,12152.0,1152.0,0.0948,2026-05
1056,2026-05-20,C402,Study Table,Furniture,3,5870,3390,0.0,Madurai,Mobile App,17610,17610.0,7440.0,0.4225,2026-05
1623,2026-05-20,C595,Tablet,Electronics,1,17690,13140,0.25,Chennai,Web,17690,13267.5,127.5,0.0096,2026-05
1860,2026-05-20,C327,Mixer Grinder,Home & Kitchen,2,4150,2660,0.2,Madurai,Mobile App,8300,6640.0,1320.0,0.1988,2026-05
2060,2026-05-20,C080,Headphones,Electronics,3,2510,1770,0.15,Coimbatore,Web,7530,6400.5,1090.5,0.1704,2026-05
1176,2026-05-21,C108,Smart TV,Electronics,1,36200,27120,0.15,Chennai,Mobile App,36200,30770.0,3650.0,0.1186,2026-05
1176,2026-05-21,C108,Bluetooth Speaker,Electronics,1,3490,2460,0.0,Chennai,Mobile App,3490,3490.0,1030.0,0.2951,2026-05
1198,2026-05-21,C130,Pressure Cooker,Home & Kitchen,1,1580,1010,0.15,Chennai,Mobile App,1580,1343.0,333.0,0.248,2026-05
1707,2026-05-21,C367,Formal Shirt,Apparel,3,1360,640,0.15,Hyderabad,Web,4080,3468.0,1548.0,0.4464,2026-05
1667,2026-05-22,C389,Mixer Grinder,Home & Kitchen,2,4360,2890,0.25,Hyderabad,Web,8720,6540.0,760.0,0.1162,2026-05
1667,2026-05-22,C389,T-Shirt,Apparel,5,690,300,0.05,Hyderabad,Web,3450,3277.5,1777.5,0.5423,2026-05
1667,2026-05-22,C389,Sofa Set,Furniture,1,33170,18630,0.1,Hyderabad,Web,33170,29853.0,11223.0,0.3759,2026-05
1866,2026-05-22,C090,Sofa Set,Furniture,1,31740,17210,0.15,Hyderabad,Mobile App,31740,26979.0,9769.0,0.3621,2026-05
1073,2026-05-23,C069,Power Bank,Electronics,1,1520,1100,0.05,Salem,Mobile App,1520,1444.0,344.0,0.2382,2026-05
1350,2026-05-23,C235,Microwave,Home & Kitchen,1,9350,5920,0.3,Bengaluru,Web,9350,6545.0,625.0,0.0955,2026-05
1408,2026-05-24,C528,Jacket,Apparel,1,2770,1150,0.1,Coimbatore,Mobile App,2770,2493.0,1343.0,0.5387,2026-05
1305,2026-05-25,C168,Office Chair,Furniture,1,7640,4160,0.0,Chennai,Mobile App,7640,7640.0,3480.0,0.4555,2026-05
1305,2026-05-25,C168,Kurta,Apparel,2,1240,580,0.0,Chennai,Mobile App,2480,2480.0,1320.0,0.5323,2026-05
1305,2026-05-25,C168,Tablet,Electronics,1,18580,13030,0.0,Chennai,Mobile App,18580,18580.0,5550.0,0.2987,2026-05
1614,2026-05-25,C553,Power Bank,Electronics,1,1500,1100,0.2,Coimbatore,Web,1500,1200.0,100.0,0.0833,2026-05
1649,2026-05-25,C084,Power Bank,Electronics,2,1490,1040,0.15,Coimbatore,Mobile App,2980,2533.0,453.0,0.1788,2026-05
1649,2026-05-25,C084,Mixer Grinder,Home & Kitchen,2,4360,2740,0.05,Coimbatore,Mobile App,8720,8284.0,2804.0,0.3385,2026-05
1649,2026-05-25,C084,Smartwatch,Electronics,1,7870,5470,0.25,Coimbatore,Mobile App,7870,5902.5,432.5,0.0733,2026-05
1999,2026-05-26,C582,Saree,Apparel,2,3500,1580,0.15,Trichy,Mobile App,7000,5950.0,2790.0,0.4689,2026-05
1689,2026-05-27,C085,Jacket,Apparel,2,2780,1150,0.0,Chennai,Mobile App,5560,5560.0,3260.0,0.5863,2026-05
1689,2026-05-27,C085,Pressure Cooker,Home & Kitchen,1,1570,1040,0.25,Chennai,Mobile App,1570,1177.5,137.5,0.1168,2026-05
1811,2026-05-28,C060,Cookware Set,Home & Kitchen,1,2750,1740,0.1,Coimbatore,Web,2750,2475.0,735.0,0.297,2026-05
1811,2026-05-28,C060,Jeans,Apparel,2,1770,800,0.25,Coimbatore,Web,3540,2655.0,1055.0,0.3974,2026-05
2069,2026-05-28,C469,Laptop Sleeve,Accessories,4,880,400,0.2,Bengaluru,Mobile App,3520,2816.0,1216.0,0.4318,2026-05
2139,2026-05-28,C366,Bluetooth Speaker,Electronics,3,3420,2400,0.25,Madurai,Web,10260,7695.0,495.0,0.0643,2026-05
1125,2026-05-29,C385,Phone,Electronics,1,20250,15050,0.05,Chennai,Web,20250,19237.5,4187.5,0.2177,2026-05
1303,2026-05-29,C394,Laptop,Electronics,1,51260,36050,0.05,Salem,Web,51260,48697.0,12647.0,0.2597,2026-05
1303,2026-05-29,C394,Tablet,Electronics,1,17460,12180,0.2,Salem,Web,17460,13968.0,1788.0,0.128,2026-05
1268,2026-05-30,C564,Bed Frame,Furniture,1,18430,10680,0.0,Kochi,Web,18430,18430.0,7750.0,0.4205,2026-05
1553,2026-05-30,C005,Headphones,Electronics,1,2600,1910,0.1,Chennai,Web,2600,2340.0,430.0,0.1838,2026-05
1636,2026-05-30,C354,Formal Shirt,Apparel,2,1410,630,0.15,Chennai,Web,2820,2397.0,1137.0,0.4743,2026-05
1636,2026-05-30,C354,Wallet,Accessories,2,800,400,0.15,Chennai,Web,1600,1360.0,560.0,0.4118,2026-05
1725,2026-05-30,C293,Jacket,Apparel,2,2710,1150,0.25,Trichy,Web,5420,4065.0,1765.0,0.4342,2026-05
1243,2026-05-31,C490,Backpack,Accessories,1,1530,700,0.1,Coimbatore,Web,1530,1377.0,677.0,0.4916,2026-05
1749,2026-05-31,C346,Power Bank,Electronics,4,1490,1060,0.05,Coimbatore,Web,5960,5662.0,1422.0,0.2511,2026-05
1801,2026-05-31,C562,Mixer Grinder,Home & Kitchen,1,4230,2780,0.05,Bengaluru,Web,4230,4018.5,1238.5,0.3082,2026-05
1826,2026-05-31,C319,Office Chair,Furniture,1,7590,4220,0.0,Coimbatore,Web,7590,7590.0,3370.0,0.444,2026-05
1826,2026-05-31,C319,Smartwatch,Electronics,1,8210,6040,0.05,Coimbatore,Web,8210,7799.5,1759.5,0.2256,2026-05
1729,2026-06-01,C539,Laptop,Electronics,1,48480,34220,0.3,Chennai,Mobile App,48480,33936.0,-284.0,-0.0084,2026-06
1729,2026-06-01,C539,Jacket,Apparel,1,2720,1120,0.2,Chennai,Mobile App,2720,2176.0,1056.0,0.4853,2026-06
1770,2026-06-01,C631,Formal Shirt,Apparel,2,1440,650,0.0,Kochi,Mobile App,2880,2880.0,1580.0,0.5486,2026-06
1796,2026-06-01,C090,Pressure Cooker,Home & Kitchen,1,1590,1010,0.1,Hyderabad,Mobile App,1590,1431.0,421.0,0.2942,2026-06
1796,2026-06-01,C090,Jacket,Apparel,2,2820,1190,0.2,Hyderabad,Mobile App,5640,4512.0,2132.0,0.4725,2026-06
1048,2026-06-05,C542,Power Bank,Electronics,2,1550,1150,0.25,Bengaluru,Mobile App,3100,2325.0,25.0,0.0108,2026-06
1346,2026-06-05,C142,Phone,Electronics,2,20570,14930,0.1,Salem,Web,41140,37026.0,7166.0,0.1935,2026-06
1838,2026-06-05,C088,Phone,Electronics,1,19390,13480,0.15,Chennai,Web,19390,16481.5,3001.5,0.1821,2026-06
1119,2026-06-06,C014,Bookshelf,Furniture,1,4460,2550,0.15,Madurai,Web,4460,3791.0,1241.0,0.3274,2026-06
1304,2026-06-06,C460,Jacket,Apparel,3,2700,1120,0.1,Madurai,Web,8100,7290.0,3930.0,0.5391,2026-06
1304,2026-06-06,C460,Smart TV,Electronics,1,33930,23930,0.2,Madurai,Web,33930,27144.0,3214.0,0.1184,2026-06
1771,2026-06-06,C186,Jeans,Apparel,3,1750,730,0.05,Madurai,Mobile App,5250,4987.5,2797.5,0.5609,2026-06
1178,2026-06-07,C528,Formal Shirt,Apparel,2,1350,630,0.1,Coimbatore,Mobile App,2700,2430.0,1170.0,0.4815,2026-06
1224,2026-06-07,C440,Phone,Electronics,1,20020,14480,0.1,Hyderabad,Mobile App,20020,18018.0,3538.0,0.1964,2026-06
1404,2026-06-07,C293,Laptop,Electronics,1,51450,35570,0.1,Trichy,Web,51450,46305.0,10735.0,0.2318,2026-06
1404,2026-06-07,C293,T-Shirt,Apparel,3,700,320,0.1,Trichy,Web,2100,1890.0,930.0,0.4921,2026-06
1417,2026-06-07,C011,Laptop,Electronics,1,51330,37490,0.1,Chennai,Mobile App,51330,46197.0,8707.0,0.1885,2026-06
1889,2026-06-07,C421,Phone,Electronics,2,20530,14250,0.05,Bengaluru,Mobile App,41060,39007.0,10507.0,0.2694,2026-06
1340,2026-06-08,C584,Microwave,Home & Kitchen,1,9360,5760,0.1,Bengaluru,Web,9360,8424.0,2664.0,0.3162,2026-06
1432,2026-06-08,C449,Mixer Grinder,Home & Kitchen,2,4120,2620,0.1,Bengaluru,Web,8240,7416.0,2176.0,0.2934,2026-06
1525,2026-06-08,C574,Belt,Accessories,3,620,290,0.0,Madurai,Web,1860,1860.0,990.0,0.5323,2026-06
1525,2026-06-08,C574,Study Table,Furniture,1,6140,3300,0.0,Madurai,Web,6140,6140.0,2840.0,0.4625,2026-06
1858,2026-06-08,C262,Mixer Grinder,Home & Kitchen,4,4280,2760,0.2,Coimbatore,Mobile App,17120,13696.0,2656.0,0.1939,2026-06
2044,2026-06-08,C225,Jacket,Apparel,1,2720,1210,0.2,Coimbatore,Mobile App,2720,2176.0,966.0,0.4439,2026-06
2061,2026-06-08,C329,Bed Frame,Furniture,1,18170,10540,0.05,Trichy,Mobile App,18170,17261.5,6721.5,0.3894,2026-06
1255,2026-06-09,C484,Headphones,Electronics,1,2420,1690,0.2,Kochi,Mobile App,2420,1936.0,246.0,0.1271,2026-06
1316,2026-06-09,C124,Bed Frame,Furniture,2,17660,9720,0.1,Salem,Web,35320,31788.0,12348.0,0.3884,2026-06
1455,2026-06-09,C100,Saree,Apparel,1,3560,1500,0.15,Chennai,Web,3560,3026.0,1526.0,0.5043,2026-06
1756,2026-06-09,C186,Bluetooth Speaker,Electronics,1,3450,2490,0.05,Unknown,Web,3450,3277.5,787.5,0.2403,2026-06
1624,2026-06-10,C261,Backpack,Accessories,1,1490,670,0.05,Chennai,Web,1490,1415.5,745.5,0.5267,2026-06
1762,2026-06-10,C471,Mixer Grinder,Home & Kitchen,2,4140,2700,0.25,Madurai,Mobile App,8280,6210.0,810.0,0.1304,2026-06
2110,2026-06-10,C156,Water Purifier,Home & Kitchen,1,11570,7740,0.15,Unknown,Mobile App,11570,9834.5,2094.5,0.213,2026-06
1072,2026-06-11,C489,Laptop,Electronics,2,50390,36390,0.1,Trichy,Mobile App,100780,90702.0,17922.0,0.1976,2026-06
1072,2026-06-11,C489,Headphones,Electronics,2,2590,1870,0.0,Trichy,Mobile App,5180,5180.0,1440.0,0.278,2026-06
1072,2026-06-11,C489,Phone,Electronics,1,20280,15110,0.2,Trichy,Mobile App,20280,16224.0,1114.0,0.0687,2026-06
1379,2026-06-11,C479,Microwave,Home & Kitchen,1,9330,6110,0.0,Bengaluru,Mobile App,9330,9330.0,3220.0,0.3451,2026-06
1379,2026-06-11,C479,Phone,Electronics,1,20170,14040,0.3,Bengaluru,Mobile App,20170,14119.0,79.0,0.0056,2026-06
1746,2026-06-11,C488,Bed Frame,Furniture,2,17420,9350,0.15,Trichy,Web,34840,29614.0,10914.0,0.3685,2026-06
1787,2026-06-11,C564,Office Chair,Furniture,1,7700,4450,0.15,Kochi,Web,7700,6545.0,2095.0,0.3201,2026-06
1787,2026-06-11,C564,Smartwatch,Electronics,1,7980,5520,0.2,Kochi,Web,7980,6384.0,864.0,0.1353,2026-06
1199,2026-06-12,C249,Belt,Accessories,5,590,270,0.15,Kochi,Mobile App,2950,2507.5,1157.5,0.4616,2026-06
1232,2026-06-12,C135,Smart TV,Electronics,1,34010,25370,0.15,Chennai,Mobile App,34010,28908.5,3538.5,0.1224,2026-06
1868,2026-06-12,C463,Phone,Electronics,1,19930,13760,0.1,Bengaluru,Web,19930,17937.0,4177.0,0.2329,2026-06
1627,2026-06-13,C433,Jeans,Apparel,1,1850,830,0.15,Chennai,Mobile App,1850,1572.5,742.5,0.4722,2026-06
1261,2026-06-14,C271,Jacket,Apparel,3,2900,1220,0.1,Salem,Mobile App,8700,7830.0,4170.0,0.5326,2026-06
1290,2026-06-14,C586,Backpack,Accessories,1,1460,710,0.0,Bengaluru,Mobile App,1460,1460.0,750.0,0.5137,2026-06
2004,2026-06-14,C601,Phone,Electronics,1,20110,14780,0.2,Kochi,Mobile App,20110,16088.0,1308.0,0.0813,2026-06
2004,2026-06-14,C601,T-Shirt,Apparel,1,720,310,0.15,Kochi,Mobile App,720,612.0,302.0,0.4935,2026-06
1361,2026-06-15,C077,T-Shirt,Apparel,2,700,310,0.2,Hyderabad,Web,1400,1120.0,500.0,0.4464,2026-06
1361,2026-06-15,C077,Phone,Electronics,1,20260,14990,0.15,Hyderabad,Web,20260,17221.0,2231.0,0.1296,2026-06
1911,2026-06-15,C007,Pressure Cooker,Home & Kitchen,4,1620,1040,0.1,Coimbatore,Mobile App,6480,5832.0,1672.0,0.2867,2026-06
1911,2026-06-15,C007,Bookshelf,Furniture,2,4340,2460,0.05,Coimbatore,Mobile App,8680,8246.0,3326.0,0.4033,2026-06
1872,2026-06-16,C475,Backpack,Accessories,3,1470,690,0.05,Unknown,Web,4410,4189.5,2119.5,0.5059,2026-06
1872,2026-06-16,C475,Phone,Electronics,1,19460,14010,0.2,Unknown,Web,19460,15568.0,1558.0,0.1001,2026-06
1254,2026-06-17,C371,Bluetooth Speaker,Electronics,1,3630,2630,0.25,Coimbatore,Mobile App,3630,2722.5,92.5,0.034,2026-06
1362,2026-06-17,C396,Sofa Set,Furniture,1,30820,16970,0.0,Bengaluru,Mobile App,30820,30820.0,13850.0,0.4494,2026-06
1673,2026-06-17,C249,Belt,Accessories,1,580,270,0.05,Kochi,Mobile App,580,551.0,281.0,0.51,2026-06
1108,2026-06-18,C167,Belt,Accessories,3,600,300,0.3,Coimbatore,Mobile App,1800,1260.0,360.0,0.2857,2026-06
1108,2026-06-18,C167,Wardrobe,Furniture,1,21930,12400,0.0,Coimbatore,Mobile App,21930,21930.0,9530.0,0.4346,2026-06
1210,2026-06-18,C103,Wardrobe,Furniture,1,22320,12780,0.0,Kochi,Mobile App,22320,22320.0,9540.0,0.4274,2026-06
1215,2026-06-18,C292,Sofa Set,Furniture,1,32740,18420,0.1,Trichy,Mobile App,32740,29466.0,11046.0,0.3749,2026-06
1215,2026-06-18,C292,Smart TV,Electronics,1,36210,26230,0.15,Trichy,Mobile App,36210,30778.5,4548.5,0.1478,2026-06
1418,2026-06-18,C280,Phone,Electronics,1,20430,14950,0.15,Coimbatore,Mobile App,20430,17365.5,2415.5,0.1391,2026-06
1900,2026-06-18,C444,Smart TV,Electronics,1,36180,26700,0.25,Madurai,Mobile App,36180,27135.0,435.0,0.016,2026-06
1900,2026-06-18,C444,Mixer Grinder,Home & Kitchen,1,4040,2600,0.3,Madurai,Mobile App,4040,2828.0,228.0,0.0806,2026-06
1625,2026-06-19,C623,Headphones,Electronics,1,2590,1940,0.3,Coimbatore,Mobile App,2590,1813.0,-127.0,-0.07,2026-06
1934,2026-06-19,C316,Microwave,Home & Kitchen,1,9420,6140,0.15,Chennai,Mobile App,9420,8007.0,1867.0,0.2332,2026-06
2090,2026-06-19,C353,Laptop,Electronics,1,51750,36070,0.25,Chennai,Web,51750,38812.5,2742.5,0.0707,2026-06
1217,2026-06-20,C089,Power Bank,Electronics,2,1510,1060,0.1,Coimbatore,Mobile App,3020,2718.0,598.0,0.22,2026-06
1217,2026-06-20,C089,Mixer Grinder,Home & Kitchen,1,4030,2490,0.1,Coimbatore,Mobile App,4030,3627.0,1137.0,0.3135,2026-06
1302,2026-06-20,C098,Bluetooth Speaker,Electronics,3,3460,2560,0.15,Coimbatore,Mobile App,10380,8823.0,1143.0,0.1295,2026-06
1399,2026-06-20,C430,Headphones,Electronics,2,2570,1840,0.15,Madurai,Mobile App,5140,4369.0,689.0,0.1577,2026-06
1651,2026-06-20,C436,Tablet,Electronics,1,18130,13080,0.25,Chennai,Web,18130,13597.5,517.5,0.0381,2026-06
1922,2026-06-20,C177,Study Table,Furniture,2,6220,3650,0.05,Salem,Web,12440,11818.0,4518.0,0.3823,2026-06
1973,2026-06-20,C637,Sunglasses,Accessories,3,1290,630,0.0,Salem,Web,3870,3870.0,1980.0,0.5116,2026-06
1973,2026-06-20,C637,Pressure Cooker,Home & Kitchen,1,1540,1010,0.15,Salem,Web,1540,1309.0,299.0,0.2284,2026-06
1092,2026-06-21,C166,Smartwatch,Electronics,1,8140,5780,0.15,Madurai,Web,8140,6919.0,1139.0,0.1646,2026-06
1339,2026-06-21,C007,Wardrobe,Furniture,1,21170,11290,0.1,Coimbatore,Mobile App,21170,19053.0,7763.0,0.4074,2026-06
1339,2026-06-21,C007,Office Chair,Furniture,2,7410,4200,0.15,Coimbatore,Mobile App,14820,12597.0,4197.0,0.3332,2026-06
1187,2026-06-23,C502,Mixer Grinder,Home & Kitchen,2,4040,2670,0.25,Salem,Web,8080,6060.0,720.0,0.1188,2026-06
1292,2026-06-23,C451,Study Table,Furniture,1,5980,3180,0.0,Hyderabad,Mobile App,5980,5980.0,2800.0,0.4682,2026-06
1638,2026-06-23,C200,Headphones,Electronics,1,2410,1690,0.25,Chennai,Mobile App,2410,1807.5,117.5,0.065,2026-06
1638,2026-06-23,C200,Smart TV,Electronics,1,35440,25240,0.0,Chennai,Mobile App,35440,35440.0,10200.0,0.2878,2026-06
1808,2026-06-23,C021,Phone Case,Accessories,2,400,200,0.3,Bengaluru,Mobile App,800,560.0,160.0,0.2857,2026-06
1808,2026-06-23,C021,Office Chair,Furniture,1,7480,4000,0.0,Bengaluru,Mobile App,7480,7480.0,3480.0,0.4652,2026-06
1932,2026-06-23,C380,Sofa Set,Furniture,1,32180,18720,0.0,Hyderabad,Web,32180,32180.0,13460.0,0.4183,2026-06
1932,2026-06-23,C380,Laptop,Electronics,1,48570,34230,0.3,Hyderabad,Web,48570,33999.0,-231.0,-0.0068,2026-06
1137,2026-06-24,C004,Smartwatch,Electronics,2,8170,5850,0.0,Chennai,Web,16340,16340.0,4640.0,0.284,2026-06
1137,2026-06-24,C004,Wardrobe,Furniture,2,22480,12620,0.05,Chennai,Web,44960,42712.0,17472.0,0.4091,2026-06
1180,2026-06-24,C106,Microwave,Home & Kitchen,1,9160,5870,0.2,Coimbatore,Mobile App,9160,7328.0,1458.0,0.199,2026-06
1514,2026-06-24,C615,Pressure Cooker,Home & Kitchen,1,1640,1070,0.25,Bengaluru,Mobile App,1640,1230.0,160.0,0.1301,2026-06
1514,2026-06-24,C615,Headphones,Electronics,3,2600,1850,0.05,Bengaluru,Mobile App,7800,7410.0,1860.0,0.251,2026-06
1589,2026-06-24,C627,Belt,Accessories,1,610,290,0.3,Bengaluru,Web,610,427.0,137.0,0.3208,2026-06
1301,2026-06-25,C238,Study Table,Furniture,1,6120,3290,0.0,Trichy,Mobile App,6120,6120.0,2830.0,0.4624,2026-06
1475,2026-06-25,C328,Power Bank,Electronics,2,1450,1030,0.05,Bengaluru,Web,2900,2755.0,695.0,0.2523,2026-06
2135,2026-06-25,C305,Tablet,Electronics,2,17490,12830,0.25,Salem,Web,34980,26235.0,575.0,0.0219,2026-06
1529,2026-06-26,C495,Tablet,Electronics,1,17800,12420,0.0,Chennai,Mobile App,17800,17800.0,5380.0,0.3022,2026-06
1001,2026-06-27,C613,Backpack,Accessories,2,1450,690,0.05,Madurai,Web,2900,2755.0,1375.0,0.4991,2026-06
1001,2026-06-27,C613,Smartwatch,Electronics,2,7970,5920,0.2,Madurai,Web,15940,12752.0,912.0,0.0715,2026-06
1074,2026-06-27,C423,Jeans,Apparel,4,1850,850,0.3,Bengaluru,Web,7400,5180.0,1780.0,0.3436,2026-06
1147,2026-06-27,C438,Mixer Grinder,Home & Kitchen,1,4210,2750,0.05,Coimbatore,Web,4210,3999.5,1249.5,0.3124,2026-06
1147,2026-06-27,C438,Tablet,Electronics,1,17980,12510,0.25,Coimbatore,Web,17980,13485.0,975.0,0.0723,2026-06
1579,2026-06-27,C315,T-Shirt,Apparel,4,690,320,0.0,Coimbatore,Web,2760,2760.0,1480.0,0.5362,2026-06
1579,2026-06-27,C315,Laptop,Electronics,1,49710,34740,0.05,Coimbatore,Web,49710,47224.5,12484.5,0.2644,2026-06
1732,2026-06-27,C386,Phone,Electronics,1,19490,14340,0.3,Madurai,Web,19490,13643.0,-697.0,-0.0511,2026-06
1894,2026-06-27,C017,Mixer Grinder,Home & Kitchen,2,4320,2710,0.05,Salem,Mobile App,8640,8208.0,2788.0,0.3397,2026-06
1055,2026-06-28,C547,Jacket,Apparel,1,2700,1240,0.25,Madurai,Mobile App,2700,2025.0,785.0,0.3877,2026-06
1320,2026-06-28,C407,Laptop,Electronics,1,51570,36640,0.1,Trichy,Web,51570,46413.0,9773.0,0.2106,2026-06
1320,2026-06-28,C407,Headphones,Electronics,1,2470,1800,0.2,Trichy,Web,2470,1976.0,176.0,0.0891,2026-06
1897,2026-06-28,C115,Sunglasses,Accessories,3,1290,630,0.2,Coimbatore,Web,3870,3096.0,1206.0,0.3895,2026-06
2032,2026-06-28,C136,Laptop,Electronics,1,51100,37730,0.25,Chennai,Web,51100,38325.0,595.0,0.0155,2026-06
1054,2026-06-29,C297,Phone,Electronics,1,20400,14270,0.05,Trichy,Web,20400,19380.0,5110.0,0.2637,2026-06
1054,2026-06-29,C297,Formal Shirt,Apparel,1,1400,580,0.15,Trichy,Web,1400,1190.0,610.0,0.5126,2026-06
1643,2026-06-29,C455,Jeans,Apparel,2,1830,780,0.1,Unknown,Web,3660,3294.0,1734.0,0.5264,2026-06
1643,2026-06-29,C455,Sunglasses,Accessories,1,1250,610,0.0,Unknown,Web,1250,1250.0,640.0,0.512,2026-06
1884,2026-06-29,C276,Pressure Cooker,Home & Kitchen,1,1580,1020,0.25,Salem,Web,1580,1185.0,165.0,0.1392,2026-06
1200,2026-06-30,C422,Water Purifier,Home & Kitchen,2,12350,8090,0.05,Salem,Mobile App,24700,23465.0,7285.0,0.3105,2026-06
1735,2026-06-30,C343,Bluetooth Speaker,Electronics,3,3410,2380,0.2,Madurai,Web,10230,8184.0,1044.0,0.1276,2026-06
1774,2026-06-30,C603,Jeans,Apparel,1,1830,810,0.05,Coimbatore,Mobile App,1830,1738.5,928.5,0.5341,2026-06
1774,2026-06-30,C603,Kurta,Apparel,2,1220,560,0.1,Coimbatore,Mobile App,2440,2196.0,1076.0,0.49,2026-06
1774,2026-06-30,C603,Laptop,Electronics,1,49460,35510,0.2,Coimbatore,Mobile App,49460,39568.0,4058.0,0.1026,2026-06
1017,2026-07-01,C433,Phone,Electronics,1,19360,13510,0.25,Chennai,Mobile App,19360,14520.0,1010.0,0.0696,2026-07
1017,2026-07-01,C433,Saree,Apparel,1,3410,1540,0.0,Chennai,Mobile App,3410,3410.0,1870.0,0.5484,2026-07
1976,2026-07-01,C101,Backpack,Accessories,3,1490,680,0.05,Bengaluru,Mobile App,4470,4246.5,2206.5,0.5196,2026-07
1130,2026-07-02,C578,Laptop,Electronics,1,51690,38600,0.0,Salem,Web,51690,51690.0,13090.0,0.2532,2026-07
1385,2026-07-02,C107,Saree,Apparel,1,3430,1570,0.1,Bengaluru,Web,3430,3087.0,1517.0,0.4914,2026-07
1588,2026-07-02,C613,Smartwatch,Electronics,3,7770,5760,0.3,Madurai,Mobile App,23310,16317.0,-963.0,-0.059,2026-07
1690,2026-07-02,C389,Headphones,Electronics,1,2600,1880,0.05,Hyderabad,Web,2600,2470.0,590.0,0.2389,2026-07
1690,2026-07-02,C389,Water Purifier,Home & Kitchen,1,12330,8200,0.15,Hyderabad,Web,12330,10480.5,2280.5,0.2176,2026-07
1988,2026-07-02,C322,Mixer Grinder,Home & Kitchen,2,4140,2730,0.0,Bengaluru,Web,8280,8280.0,2820.0,0.3406,2026-07
2054,2026-07-02,C629,Smartwatch,Electronics,2,8180,6100,0.05,Coimbatore,Web,16360,15542.0,3342.0,0.215,2026-07
1818,2026-07-03,C011,Phone Case,Accessories,1,400,180,0.2,Chennai,Web,400,320.0,140.0,0.4375,2026-07
1387,2026-07-04,C259,Laptop,Electronics,1,48580,33550,0.3,Chennai,Mobile App,48580,34006.0,456.0,0.0134,2026-07
1875,2026-07-04,C042,Phone,Electronics,1,20710,14570,0.0,Salem,Web,20710,20710.0,6140.0,0.2965,2026-07
1964,2026-07-04,C506,Headphones,Electronics,2,2590,1900,0.15,Trichy,Mobile App,5180,4403.0,603.0,0.137,2026-07
2101,2026-07-04,C479,Bed Frame,Furniture,1,18230,10100,0.05,Bengaluru,Web,18230,17318.5,7218.5,0.4168,2026-07
1098,2026-07-05,C315,Smartwatch,Electronics,1,8120,5970,0.25,Coimbatore,Web,8120,6090.0,120.0,0.0197,2026-07
1100,2026-07-05,C002,Headphones,Electronics,2,2510,1840,0.05,Salem,Mobile App,5020,4769.0,1089.0,0.2283,2026-07
1100,2026-07-05,C002,Sofa Set,Furniture,1,32510,17550,0.05,Salem,Mobile App,32510,30884.5,13334.5,0.4318,2026-07
1145,2026-07-05,C051,Pressure Cooker,Home & Kitchen,1,1620,1040,0.1,Bengaluru,Mobile App,1620,1458.0,418.0,0.2867,2026-07
1266,2026-07-05,C559,Bed Frame,Furniture,1,18710,10580,0.0,Hyderabad,Web,18710,18710.0,8130.0,0.4345,2026-07
1266,2026-07-05,C559,Pressure Cooker,Home & Kitchen,1,1630,1020,0.15,Hyderabad,Web,1630,1385.5,365.5,0.2638,2026-07
1665,2026-07-05,C286,Phone,Electronics,1,20300,14890,0.3,Hyderabad,Mobile App,20300,14210.0,-680.0,-0.0479,2026-07
1666,2026-07-05,C468,Bed Frame,Furniture,3,17630,10130,0.05,Madurai,Mobile App,52890,50245.5,19855.5,0.3952,2026-07
1405,2026-07-06,C072,Phone,Electronics,1,19360,13550,0.05,Hyderabad,Web,19360,18392.0,4842.0,0.2633,2026-07
1672,2026-07-06,C530,Phone,Electronics,2,19340,13660,0.05,Salem,Mobile App,38680,36746.0,9426.0,0.2565,2026-07
1672,2026-07-06,C530,Water Purifier,Home & Kitchen,1,11600,7230,0.05,Salem,Mobile App,11600,11020.0,3790.0,0.3439,2026-07
1869,2026-07-06,C485,Smart TV,Electronics,1,35400,25250,0.3,Chennai,Web,35400,24780.0,-470.0,-0.019,2026-07
1869,2026-07-06,C485,Smartwatch,Electronics,1,8090,5740,0.05,Chennai,Web,8090,7685.5,1945.5,0.2531,2026-07
1869,2026-07-06,C485,Kurta,Apparel,1,1190,550,0.3,Chennai,Web,1190,833.0,283.0,0.3397,2026-07
1887,2026-07-06,C370,Study Table,Furniture,2,5910,3460,0.25,Chennai,Web,11820,8865.0,1945.0,0.2194,2026-07
1887,2026-07-06,C370,Wardrobe,Furniture,1,21360,12520,0.0,Chennai,Web,21360,21360.0,8840.0,0.4139,2026-07
1887,2026-07-06,C370,Wallet,Accessories,5,790,400,0.25,Chennai,Web,3950,2962.5,962.5,0.3249,2026-07
1920,2026-07-06,C267,Microwave,Home & Kitchen,1,9260,5770,0.25,Hyderabad,Mobile App,9260,6945.0,1175.0,0.1692,2026-07
1052,2026-07-07,C425,Microwave,Home & Kitchen,1,9270,6000,0.05,Chennai,Mobile App,9270,8806.5,2806.5,0.3187,2026-07
1052,2026-07-07,C425,Cookware Set,Home & Kitchen,4,2910,1890,0.1,Chennai,Mobile App,11640,10476.0,2916.0,0.2784,2026-07
1718,2026-07-07,C144,Pressure Cooker,Home & Kitchen,1,1540,1010,0.05,Coimbatore,Mobile App,1540,1463.0,453.0,0.3096,2026-07
2040,2026-07-07,C004,Wardrobe,Furniture,1,21960,11770,0.1,Chennai,Mobile App,21960,19764.0,7994.0,0.4045,2026-07
2071,2026-07-07,C225,Smartwatch,Electronics,1,7840,5490,0.05,Coimbatore,Mobile App,7840,7448.0,1958.0,0.2629,2026-07
1322,2026-07-08,C232,Power Bank,Electronics,1,1510,1120,0.2,Kochi,Mobile App,1510,1208.0,88.0,0.0728,2026-07
1322,2026-07-08,C232,Smartwatch,Electronics,3,8130,5900,0.1,Kochi,Mobile App,24390,21951.0,4251.0,0.1937,2026-07
1777,2026-07-08,C052,Formal Shirt,Apparel,4,1350,560,0.0,Kochi,Mobile App,5400,5400.0,3160.0,0.5852,2026-07
1777,2026-07-08,C052,Jacket,Apparel,1,2880,1200,0.25,Kochi,Mobile App,2880,2160.0,960.0,0.4444,2026-07
1777,2026-07-08,C052,Microwave,Home & Kitchen,2,9490,6060,0.2,Kochi,Mobile App,18980,15184.0,3064.0,0.2018,2026-07
2142,2026-07-08,C175,Power Bank,Electronics,1,1450,1080,0.3,Chennai,Mobile App,1450,1015.0,-65.0,-0.064,2026-07
1067,2026-07-09,C013,Study Table,Furniture,2,6100,3590,0.1,Chennai,Web,12200,10980.0,3800.0,0.3461,2026-07
1970,2026-07-09,C238,Laptop,Electronics,1,48700,34180,0.15,Trichy,Web,48700,41395.0,7215.0,0.1743,2026-07
2146,2026-07-09,C620,Phone Case,Accessories,5,390,190,0.1,Hyderabad,Web,1950,1755.0,805.0,0.4587,2026-07
1167,2026-07-10,C314,Office Chair,Furniture,1,7470,4370,0.0,Chennai,Mobile App,7470,7470.0,3100.0,0.415,2026-07
1295,2026-07-10,C379,Cookware Set,Home & Kitchen,2,2710,1740,0.25,Hyderabad,Mobile App,5420,4065.0,585.0,0.1439,2026-07
1653,2026-07-10,C604,Phone,Electronics,1,19640,13750,0.25,Trichy,Mobile App,19640,14730.0,980.0,0.0665,2026-07
1653,2026-07-10,C604,Mixer Grinder,Home & Kitchen,2,4080,2700,0.05,Trichy,Mobile App,8160,7752.0,2352.0,0.3034,2026-07
1279,2026-07-11,C134,Water Purifier,Home & Kitchen,1,12190,8050,0.05,Bengaluru,Web,12190,11580.5,3530.5,0.3049,2026-07
1279,2026-07-11,C134,Phone,Electronics,1,20460,14330,0.15,Bengaluru,Web,20460,17391.0,3061.0,0.176,2026-07
1279,2026-07-11,C134,Mixer Grinder,Home & Kitchen,2,4170,2630,0.05,Bengaluru,Web,8340,7923.0,2663.0,0.3361,2026-07
1421,2026-07-11,C549,Study Table,Furniture,2,6080,3430,0.1,Bengaluru,Mobile App,12160,10944.0,4084.0,0.3732,2026-07
1510,2026-07-11,C512,Headphones,Electronics,3,2530,1830,0.25,Bengaluru,Mobile App,7590,5692.5,202.5,0.0356,2026-07
1510,2026-07-11,C512,Water Purifier,Home & Kitchen,2,12140,7680,0.2,Bengaluru,Mobile App,24280,19424.0,4064.0,0.2092,2026-07
1613,2026-07-11,C143,Smartwatch,Electronics,2,8210,5710,0.1,Unknown,Mobile App,16420,14778.0,3358.0,0.2272,2026-07
1941,2026-07-11,C388,Office Chair,Furniture,3,7530,4060,0.0,Salem,Web,22590,22590.0,10410.0,0.4608,2026-07
1445,2026-07-12,C179,Smart TV,Electronics,1,35020,25740,0.15,Salem,Mobile App,35020,29767.0,4027.0,0.1353,2026-07
1445,2026-07-12,C179,T-Shirt,Apparel,2,680,280,0.15,Salem,Mobile App,1360,1156.0,596.0,0.5156,2026-07
1445,2026-07-12,C179,Bed Frame,Furniture,1,17950,9860,0.1,Salem,Mobile App,17950,16155.0,6295.0,0.3897,2026-07
1967,2026-07-12,C529,Phone,Electronics,1,20330,14270,0.0,Chennai,Mobile App,20330,20330.0,6060.0,0.2981,2026-07
1565,2026-07-13,C419,Smart TV,Electronics,1,34770,25930,0.0,Salem,Mobile App,34770,34770.0,8840.0,0.2542,2026-07
1565,2026-07-13,C419,Phone Case,Accessories,3,410,200,0.25,Salem,Mobile App,1230,922.5,322.5,0.3496,2026-07
1792,2026-07-14,C255,Office Chair,Furniture,3,7450,4290,0.05,Coimbatore,Mobile App,22350,21232.5,8362.5,0.3939,2026-07
1792,2026-07-14,C255,Laptop,Electronics,1,50050,37300,0.3,Coimbatore,Mobile App,50050,35035.0,-2265.0,-0.0646,2026-07
1933,2026-07-14,C404,Cookware Set,Home & Kitchen,1,2780,1760,0.25,Chennai,Mobile App,2780,2085.0,325.0,0.1559,2026-07
2107,2026-07-14,C206,Water Purifier,Home & Kitchen,1,11740,7380,0.1,Hyderabad,Mobile App,11740,10566.0,3186.0,0.3015,2026-07
2107,2026-07-14,C206,Bluetooth Speaker,Electronics,1,3540,2450,0.3,Hyderabad,Mobile App,3540,2478.0,28.0,0.0113,2026-07
1272,2026-07-15,C145,Wallet,Accessories,1,810,410,0.05,Bengaluru,Mobile App,810,769.5,359.5,0.4672,2026-07
1593,2026-07-15,C133,Office Chair,Furniture,1,7210,4180,0.2,Chennai,Web,7210,5768.0,1588.0,0.2753,2026-07
1593,2026-07-15,C133,Study Table,Furniture,1,6160,3600,0.15,Chennai,Web,6160,5236.0,1636.0,0.3125,2026-07
1050,2026-07-16,C252,Phone Case,Accessories,1,410,200,0.3,Bengaluru,Mobile App,410,287.0,87.0,0.3031,2026-07
1150,2026-07-16,C235,Power Bank,Electronics,5,1480,1040,0.15,Bengaluru,Web,7400,6290.0,1090.0,0.1733,2026-07
1212,2026-07-16,C269,Wardrobe,Furniture,1,21740,12120,0.15,Hyderabad,Mobile App,21740,18479.0,6359.0,0.3441,2026-07
2077,2026-07-16,C460,Laptop,Electronics,2,51790,38520,0.1,Madurai,Mobile App,103580,93222.0,16182.0,0.1736,2026-07
1434,2026-07-17,C329,Bluetooth Speaker,Electronics,1,3460,2460,0.15,Trichy,Mobile App,3460,2941.0,481.0,0.1635,2026-07
1257,2026-07-18,C459,Power Bank,Electronics,1,1550,1130,0.05,Unknown,Web,1550,1472.5,342.5,0.2326,2026-07
1257,2026-07-18,C459,Saree,Apparel,2,3550,1500,0.1,Unknown,Web,7100,6390.0,3390.0,0.5305,2026-07
1873,2026-07-18,C174,Phone,Electronics,1,19220,14300,0.3,Unknown,Web,19220,13454.0,-846.0,-0.0629,2026-07
1873,2026-07-18,C174,Backpack,Accessories,3,1450,690,0.1,Unknown,Web,4350,3915.0,1845.0,0.4713,2026-07
1122,2026-07-19,C597,Microwave,Home & Kitchen,2,9230,5720,0.05,Coimbatore,Web,18460,17537.0,6097.0,0.3477,2026-07
1267,2026-07-19,C057,Bookshelf,Furniture,1,4320,2540,0.05,Madurai,Mobile App,4320,4104.0,1564.0,0.3811,2026-07
1547,2026-07-19,C557,Smart TV,Electronics,1,34980,24310,0.05,Trichy,Web,34980,33231.0,8921.0,0.2685,2026-07
1641,2026-07-19,C054,Phone Case,Accessories,1,400,180,0.05,Kochi,Web,400,380.0,200.0,0.5263,2026-07
1641,2026-07-19,C054,Bluetooth Speaker,Electronics,3,3450,2420,0.15,Kochi,Web,10350,8797.5,1537.5,0.1748,2026-07
1890,2026-07-19,C320,Laptop,Electronics,1,48470,34350,0.2,Madurai,Web,48470,38776.0,4426.0,0.1141,2026-07
1890,2026-07-19,C320,Wallet,Accessories,3,780,370,0.2,Madurai,Web,2340,1872.0,762.0,0.4071,2026-07
1987,2026-07-19,C557,Sofa Set,Furniture,1,32710,18890,0.0,Trichy,Mobile App,32710,32710.0,13820.0,0.4225,2026-07
2018,2026-07-19,C262,Kurta,Apparel,4,1210,570,0.25,Coimbatore,Web,4840,3630.0,1350.0,0.3719,2026-07
2018,2026-07-19,C262,Phone Case,Accessories,3,390,180,0.15,Coimbatore,Web,1170,994.5,454.5,0.457,2026-07
2050,2026-07-19,C220,Jeans,Apparel,2,1810,760,0.25,Chennai,Web,3620,2715.0,1195.0,0.4401,2026-07
2050,2026-07-19,C220,Bluetooth Speaker,Electronics,2,3550,2530,0.1,Chennai,Web,7100,6390.0,1330.0,0.2081,2026-07
2055,2026-07-19,C054,Headphones,Electronics,1,2520,1780,0.05,Kochi,Mobile App,2520,2394.0,614.0,0.2565,2026-07
2145,2026-07-19,C123,Study Table,Furniture,2,6090,3270,0.0,Bengaluru,Web,12180,12180.0,5640.0,0.4631,2026-07
2145,2026-07-19,C123,Headphones,Electronics,2,2550,1840,0.1,Bengaluru,Web,5100,4590.0,910.0,0.1983,2026-07
1010,2026-07-20,C146,T-Shirt,Apparel,1,710,320,0.1,Chennai,Mobile App,710,639.0,319.0,0.4992,2026-07
1010,2026-07-20,C146,Smartwatch,Electronics,1,7930,5550,0.3,Chennai,Mobile App,7930,5551.0,1.0,0.0002,2026-07
1110,2026-07-20,C557,Phone,Electronics,1,19370,14430,0.2,Trichy,Web,19370,15496.0,1066.0,0.0688,2026-07
1110,2026-07-20,C557,T-Shirt,Apparel,1,680,290,0.15,Trichy,Web,680,578.0,288.0,0.4983,2026-07
1110,2026-07-20,C557,Cookware Set,Home & Kitchen,1,2890,1850,0.2,Trichy,Web,2890,2312.0,462.0,0.1998,2026-07
1381,2026-07-20,C535,Sofa Set,Furniture,1,32300,17350,0.0,Hyderabad,Web,32300,32300.0,14950.0,0.4628,2026-07
1654,2026-07-20,C310,Mixer Grinder,Home & Kitchen,3,4180,2620,0.0,Coimbatore,Web,12540,12540.0,4680.0,0.3732,2026-07
1112,2026-07-21,C105,Phone Case,Accessories,1,410,190,0.1,Bengaluru,Mobile App,410,369.0,179.0,0.4851,2026-07
1248,2026-07-21,C562,Smart TV,Electronics,1,35370,25970,0.05,Bengaluru,Mobile App,35370,33601.5,7631.5,0.2271,2026-07
1772,2026-07-21,C526,Sofa Set,Furniture,1,32420,17820,0.0,Chennai,Web,32420,32420.0,14600.0,0.4503,2026-07
2001,2026-07-22,C059,Study Table,Furniture,1,6200,3560,0.1,Chennai,Web,6200,5580.0,2020.0,0.362,2026-07
1400,2026-07-23,C060,Pressure Cooker,Home & Kitchen,2,1610,1060,0.1,Coimbatore,Mobile App,3220,2898.0,778.0,0.2685,2026-07
1909,2026-07-23,C513,Headphones,Electronics,3,2590,1810,0.3,Chennai,Mobile App,7770,5439.0,9.0,0.0017,2026-07
1837,2026-07-24,C386,Tablet,Electronics,1,18120,13130,0.15,Madurai,Mobile App,18120,15402.0,2272.0,0.1475,2026-07
1021,2026-07-25,C637,Pressure Cooker,Home & Kitchen,2,1640,1050,0.0,Salem,Mobile App,3280,3280.0,1180.0,0.3598,2026-07
1087,2026-07-25,C339,T-Shirt,Apparel,3,700,310,0.1,Kochi,Mobile App,2100,1890.0,960.0,0.5079,2026-07
1183,2026-07-25,C576,Headphones,Electronics,4,2560,1840,0.1,Kochi,Mobile App,10240,9216.0,1856.0,0.2014,2026-07
1183,2026-07-25,C576,Phone,Electronics,1,19380,13890,0.15,Kochi,Mobile App,19380,16473.0,2583.0,0.1568,2026-07
2037,2026-07-25,C257,Phone,Electronics,1,20110,14680,0.3,Chennai,Mobile App,20110,14077.0,-603.0,-0.0428,2026-07
1133,2026-07-26,C448,Smartwatch,Electronics,1,8160,6030,0.25,Salem,Mobile App,8160,6120.0,90.0,0.0147,2026-07
1133,2026-07-26,C448,Phone,Electronics,1,19660,14320,0.05,Salem,Mobile App,19660,18677.0,4357.0,0.2333,2026-07
1288,2026-07-26,C439,T-Shirt,Apparel,1,690,300,0.1,Chennai,Web,690,621.0,321.0,0.5169,2026-07
1436,2026-07-26,C037,Mixer Grinder,Home & Kitchen,2,4270,2860,0.05,Chennai,Mobile App,8540,8113.0,2393.0,0.295,2026-07
1560,2026-07-26,C107,Wallet,Accessories,1,790,370,0.0,Bengaluru,Web,790,790.0,420.0,0.5316,2026-07
1925,2026-07-26,C340,Bookshelf,Furniture,2,4510,2500,0.0,Madurai,Mobile App,9020,9020.0,4020.0,0.4457,2026-07
1925,2026-07-26,C340,Smart TV,Electronics,1,35060,25590,0.15,Madurai,Mobile App,35060,29801.0,4211.0,0.1413,2026-07
1058,2026-07-27,C149,Jacket,Apparel,2,2810,1250,0.3,Hyderabad,Mobile App,5620,3934.0,1434.0,0.3645,2026-07
1297,2026-07-27,C558,Office Chair,Furniture,2,7760,4350,0.0,Bengaluru,Web,15520,15520.0,6820.0,0.4394,2026-07
1542,2026-07-27,C249,Formal Shirt,Apparel,3,1440,640,0.15,Kochi,Mobile App,4320,3672.0,1752.0,0.4771,2026-07
1542,2026-07-27,C249,Dinner Set,Home & Kitchen,2,1940,1210,0.3,Kochi,Mobile App,3880,2716.0,296.0,0.109,2026-07
1563,2026-07-27,C338,Dinner Set,Home & Kitchen,2,1960,1200,0.05,Coimbatore,Mobile App,3920,3724.0,1324.0,0.3555,2026-07
1892,2026-07-27,C252,Phone Case,Accessories,1,400,200,0.1,Bengaluru,Web,400,360.0,160.0,0.4444,2026-07
1921,2026-07-27,C176,T-Shirt,Apparel,1,710,330,0.0,Madurai,Mobile App,710,710.0,380.0,0.5352,2026-07
2034,2026-07-27,C222,Jacket,Apparel,1,2900,1290,0.1,Chennai,Web,2900,2610.0,1320.0,0.5057,2026-07
1544,2026-07-28,C391,Saree,Apparel,1,3390,1450,0.05,Chennai,Web,3390,3220.5,1770.5,0.5498,2026-07
1470,2026-07-29,C220,Bed Frame,Furniture,1,17380,9780,0.25,Chennai,Web,17380,13035.0,3255.0,0.2497,2026-07
1470,2026-07-29,C220,Phone,Electronics,1,20510,15190,0.0,Chennai,Web,20510,20510.0,5320.0,0.2594,2026-07
1236,2026-07-30,C281,Smart TV,Electronics,1,35430,25280,0.2,Chennai,Mobile App,35430,28344.0,3064.0,0.1081,2026-07
1236,2026-07-30,C281,Sofa Set,Furniture,1,33070,19230,0.0,Chennai,Mobile App,33070,33070.0,13840.0,0.4185,2026-07
1236,2026-07-30,C281,Pressure Cooker,Home & Kitchen,1,1610,1000,0.15,Chennai,Mobile App,1610,1368.5,368.5,0.2693,2026-07
1581,2026-07-31,C358,Phone,Electronics,1,20050,14560,0.05,Bengaluru,Mobile App,20050,19047.5,4487.5,0.2356,2026-07
1629,2026-07-31,C208,Jacket,Apparel,2,2720,1190,0.1,Coimbatore,Web,5440,4896.0,2516.0,0.5139,2026-07
1924,2026-07-31,C297,Power Bank,Electronics,5,1480,1100,0.25,Trichy,Mobile App,7400,5550.0,50.0,0.009,2026-07
1924,2026-07-31,C297,Study Table,Furniture,1,5950,3310,0.1,Trichy,Mobile App,5950,5355.0,2045.0,0.3819,2026-07
1924,2026-07-31,C297,Headphones,Electronics,3,2470,1740,0.05,Trichy,Mobile App,7410,7039.5,1819.5,0.2585,2026-07
1222,2026-08-01,C566,Phone Case,Accessories,1,410,190,0.0,Madurai,Mobile App,410,410.0,220.0,0.5366,2026-08
1343,2026-08-01,C401,Backpack,Accessories,2,1560,720,0.0,Chennai,Mobile App,3120,3120.0,1680.0,0.5385,2026-08
1458,2026-08-01,C144,Phone,Electronics,1,20110,14420,0.0,Coimbatore,Web,20110,20110.0,5690.0,0.2829,2026-08
1458,2026-08-01,C144,Phone Case,Accessories,2,390,180,0.0,Coimbatore,Web,780,780.0,420.0,0.5385,2026-08
1458,2026-08-01,C144,Bluetooth Speaker,Electronics,2,3540,2570,0.25,Coimbatore,Web,7080,5310.0,170.0,0.032,2026-08
1711,2026-08-01,C001,Sofa Set,Furniture,1,32590,18710,0.0,Madurai,Mobile App,32590,32590.0,13880.0,0.4259,2026-08
1711,2026-08-01,C001,Water Purifier,Home & Kitchen,2,12250,7720,0.1,Madurai,Mobile App,24500,22050.0,6610.0,0.2998,2026-08
1071,2026-08-02,C356,Mixer Grinder,Home & Kitchen,1,4190,2690,0.1,Chennai,Web,4190,3771.0,1081.0,0.2867,2026-08
1071,2026-08-02,C356,Bluetooth Speaker,Electronics,1,3380,2490,0.1,Chennai,Web,3380,3042.0,552.0,0.1815,2026-08
1353,2026-08-02,C238,Bluetooth Speaker,Electronics,1,3640,2680,0.25,Trichy,Web,3640,2730.0,50.0,0.0183,2026-08
1353,2026-08-02,C238,Microwave,Home & Kitchen,1,9700,6070,0.25,Trichy,Web,9700,7275.0,1205.0,0.1656,2026-08
1768,2026-08-02,C451,T-Shirt,Apparel,3,700,300,0.1,Hyderabad,Web,2100,1890.0,990.0,0.5238,2026-08
1768,2026-08-02,C451,Smartwatch,Electronics,1,8030,5860,0.05,Hyderabad,Web,8030,7628.5,1768.5,0.2318,2026-08
1396,2026-08-04,C199,Jacket,Apparel,4,2900,1250,0.15,Bengaluru,Mobile App,11600,9860.0,4860.0,0.4929,2026-08
1396,2026-08-04,C199,Formal Shirt,Apparel,3,1360,570,0.0,Bengaluru,Mobile App,4080,4080.0,2370.0,0.5809,2026-08
1396,2026-08-04,C199,Dinner Set,Home & Kitchen,1,1960,1210,0.1,Bengaluru,Mobile App,1960,1764.0,554.0,0.3141,2026-08
1486,2026-08-04,C588,Pressure Cooker,Home & Kitchen,1,1580,1030,0.0,Trichy,Web,1580,1580.0,550.0,0.3481,2026-08
1502,2026-08-04,C209,Sofa Set,Furniture,2,31670,18480,0.15,Chennai,Mobile App,63340,53839.0,16879.0,0.3135,2026-08
1741,2026-08-04,C040,Kurta,Apparel,1,1220,560,0.15,Madurai,Mobile App,1220,1037.0,477.0,0.46,2026-08
1605,2026-08-05,C072,Headphones,Electronics,2,2420,1700,0.05,Hyderabad,Web,4840,4598.0,1198.0,0.2605,2026-08
1647,2026-08-05,C345,Jeans,Apparel,1,1740,810,0.05,Salem,Mobile App,1740,1653.0,843.0,0.51,2026-08
2120,2026-08-05,C554,Kurta,Apparel,1,1250,580,0.25,Salem,Mobile App,1250,937.5,357.5,0.3813,2026-08
1419,2026-08-06,C193,Laptop,Electronics,1,49120,36610,0.0,Salem,Web,49120,49120.0,12510.0,0.2547,2026-08
2100,2026-08-06,C106,Laptop,Electronics,1,48630,34110,0.0,Unknown,Web,48630,48630.0,14520.0,0.2986,2026-08
1068,2026-08-07,C240,Wardrobe,Furniture,1,21700,11610,0.15,Chennai,Mobile App,21700,18445.0,6835.0,0.3706,2026-08
1377,2026-08-07,C613,Tablet,Electronics,1,18590,13210,0.25,Madurai,Web,18590,13942.5,732.5,0.0525,2026-08
1377,2026-08-07,C613,Laptop,Electronics,1,49150,34480,0.05,Madurai,Web,49150,46692.5,12212.5,0.2616,2026-08
1753,2026-08-07,C075,Laptop Sleeve,Accessories,2,870,410,0.0,Bengaluru,Web,1740,1740.0,920.0,0.5287,2026-08
1503,2026-08-08,C048,Laptop,Electronics,1,49420,35080,0.15,Bengaluru,Mobile App,49420,42007.0,6927.0,0.1649,2026-08
1793,2026-08-08,C596,Laptop,Electronics,1,48590,36100,0.0,Salem,Web,48590,48590.0,12490.0,0.257,2026-08
1793,2026-08-08,C596,Bluetooth Speaker,Electronics,1,3570,2630,0.05,Salem,Web,3570,3391.5,761.5,0.2245,2026-08
1793,2026-08-08,C596,Jacket,Apparel,4,2720,1170,0.3,Salem,Web,10880,7616.0,2936.0,0.3855,2026-08
1065,2026-08-09,C289,Smartwatch,Electronics,1,8260,6110,0.25,Salem,Web,8260,6195.0,85.0,0.0137,2026-08
1103,2026-08-09,C365,Sofa Set,Furniture,1,31240,17790,0.0,Madurai,Mobile App,31240,31240.0,13450.0,0.4305,2026-08
1832,2026-08-09,C438,Tablet,Electronics,2,17680,13020,0.2,Coimbatore,Web,35360,28288.0,2248.0,0.0795,2026-08
1917,2026-08-09,C430,Phone,Electronics,2,19840,13960,0.2,Madurai,Mobile App,39680,31744.0,3824.0,0.1205,2026-08
1917,2026-08-09,C430,Smart TV,Electronics,1,34590,25330,0.15,Madurai,Mobile App,34590,29401.5,4071.5,0.1385,2026-08
1917,2026-08-09,C430,Headphones,Electronics,1,2480,1810,0.1,Madurai,Mobile App,2480,2232.0,422.0,0.1891,2026-08
1539,2026-08-10,C434,Smart TV,Electronics,2,33820,24820,0.05,Hyderabad,Web,67640,64258.0,14618.0,0.2275,2026-08
1628,2026-08-10,C049,Sofa Set,Furniture,1,32330,18290,0.15,Chennai,Web,32330,27480.5,9190.5,0.3344,2026-08
1239,2026-08-11,C067,Bookshelf,Furniture,2,4670,2730,0.0,Madurai,Mobile App,9340,9340.0,3880.0,0.4154,2026-08
1239,2026-08-11,C067,Phone,Electronics,1,20570,14350,0.3,Madurai,Mobile App,20570,14399.0,49.0,0.0034,2026-08
1714,2026-08-11,C106,Study Table,Furniture,2,5920,3280,0.05,Coimbatore,Web,11840,11248.0,4688.0,0.4168,2026-08
1317,2026-08-12,C584,Backpack,Accessories,2,1490,700,0.1,Bengaluru,Web,2980,2682.0,1282.0,0.478,2026-08
1898,2026-08-12,C282,Saree,Apparel,3,3460,1560,0.1,Chennai,Mobile App,10380,9342.0,4662.0,0.499,2026-08
1912,2026-08-12,C557,Study Table,Furniture,3,5790,3190,0.0,Trichy,Web,17370,17370.0,7800.0,0.4491,2026-08
2067,2026-08-12,C324,Study Table,Furniture,1,6210,3620,0.15,Madurai,Mobile App,6210,5278.5,1658.5,0.3142,2026-08
1293,2026-08-13,C304,Mixer Grinder,Home & Kitchen,2,4330,2750,0.15,Madurai,Mobile App,8660,7361.0,1861.0,0.2528,2026-08
2103,2026-08-14,C584,Headphones,Electronics,3,2400,1730,0.15,Bengaluru,Mobile App,7200,6120.0,930.0,0.152,2026-08
2103,2026-08-14,C584,Power Bank,Electronics,2,1530,1110,0.25,Bengaluru,Mobile App,3060,2295.0,75.0,0.0327,2026-08
2109,2026-08-14,C496,Formal Shirt,Apparel,2,1410,610,0.3,Madurai,Mobile App,2820,1974.0,754.0,0.382,2026-08
2013,2026-08-15,C563,Phone,Electronics,2,20300,14990,0.0,Madurai,Mobile App,40600,40600.0,10620.0,0.2616,2026-08
2013,2026-08-15,C563,Pressure Cooker,Home & Kitchen,2,1560,980,0.3,Madurai,Mobile App,3120,2184.0,224.0,0.1026,2026-08
1101,2026-08-16,C390,Phone,Electronics,1,20680,14810,0.05,Chennai,Web,20680,19646.0,4836.0,0.2462,2026-08
1335,2026-08-16,C630,Jeans,Apparel,1,1760,780,0.3,Salem,Mobile App,1760,1232.0,452.0,0.3669,2026-08
1335,2026-08-16,C630,Headphones,Electronics,1,2540,1880,0.3,Salem,Mobile App,2540,1778.0,-102.0,-0.0574,2026-08
1335,2026-08-16,C630,Water Purifier,Home & Kitchen,3,12330,8010,0.15,Salem,Mobile App,36990,31441.5,7411.5,0.2357,2026-08
1543,2026-08-16,C360,Wallet,Accessories,2,800,380,0.0,Chennai,Mobile App,1600,1600.0,840.0,0.525,2026-08
1543,2026-08-16,C360,Office Chair,Furniture,2,7340,3920,0.05,Chennai,Mobile App,14680,13946.0,6106.0,0.4378,2026-08
2140,2026-08-16,C189,Sofa Set,Furniture,1,31060,17920,0.05,Chennai,Web,31060,29507.0,11587.0,0.3927,2026-08
1368,2026-08-17,C206,Phone,Electronics,1,20400,14820,0.0,Hyderabad,Mobile App,20400,20400.0,5580.0,0.2735,2026-08
1815,2026-08-17,C591,Headphones,Electronics,1,2440,1830,0.1,Madurai,Mobile App,2440,2196.0,366.0,0.1667,2026-08
1051,2026-08-18,C585,Power Bank,Electronics,1,1520,1120,0.2,Bengaluru,Mobile App,1520,1216.0,96.0,0.0789,2026-08
1278,2026-08-18,C064,Headphones,Electronics,1,2490,1810,0.0,Coimbatore,Mobile App,2490,2490.0,680.0,0.2731,2026-08
1341,2026-08-18,C074,Pressure Cooker,Home & Kitchen,3,1570,1020,0.2,Hyderabad,Mobile App,4710,3768.0,708.0,0.1879,2026-08
1341,2026-08-18,C074,Kurta,Apparel,1,1220,560,0.1,Hyderabad,Mobile App,1220,1098.0,538.0,0.49,2026-08
1534,2026-08-18,C197,Sunglasses,Accessories,1,1270,630,0.2,Chennai,Web,1270,1016.0,386.0,0.3799,2026-08
1957,2026-08-18,C111,T-Shirt,Apparel,1,730,340,0.0,Chennai,Mobile App,730,730.0,390.0,0.5342,2026-08
1280,2026-08-19,C547,Headphones,Electronics,3,2490,1740,0.2,Madurai,Mobile App,7470,5976.0,756.0,0.1265,2026-08
1700,2026-08-19,C597,Saree,Apparel,3,3590,1590,0.15,Coimbatore,Web,10770,9154.5,4384.5,0.4789,2026-08
1971,2026-08-19,C174,Smart TV,Electronics,2,34120,24200,0.05,Chennai,Mobile App,68240,64828.0,16428.0,0.2534,2026-08
1971,2026-08-19,C174,Mixer Grinder,Home & Kitchen,2,4230,2730,0.05,Chennai,Mobile App,8460,8037.0,2577.0,0.3206,2026-08
1984,2026-08-19,C438,Bookshelf,Furniture,1,4440,2400,0.05,Coimbatore,Mobile App,4440,4218.0,1818.0,0.431,2026-08
1996,2026-08-19,C197,Jacket,Apparel,2,2800,1240,0.15,Chennai,Web,5600,4760.0,2280.0,0.479,2026-08
1537,2026-08-20,C634,Water Purifier,Home & Kitchen,3,12200,7580,0.2,Chennai,Mobile App,36600,29280.0,6540.0,0.2234,2026-08
1848,2026-08-20,C027,Dinner Set,Home & Kitchen,1,1860,1210,0.05,Bengaluru,Mobile App,1860,1767.0,557.0,0.3152,2026-08
1114,2026-08-21,C589,Cookware Set,Home & Kitchen,2,2690,1670,0.05,Chennai,Mobile App,5380,5111.0,1771.0,0.3465,2026-08
1289,2026-08-21,C204,Pressure Cooker,Home & Kitchen,3,1590,1060,0.05,Bengaluru,Mobile App,4770,4531.5,1351.5,0.2982,2026-08
1337,2026-08-21,C464,Formal Shirt,Apparel,4,1370,580,0.25,Chennai,Web,5480,4110.0,1790.0,0.4355,2026-08
1169,2026-08-22,C102,Study Table,Furniture,3,5890,3180,0.1,Chennai,Mobile App,17670,15903.0,6363.0,0.4001,2026-08
1169,2026-08-22,C102,Microwave,Home & Kitchen,2,9790,6490,0.0,Chennai,Mobile App,19580,19580.0,6600.0,0.3371,2026-08
1375,2026-08-22,C326,Water Purifier,Home & Kitchen,1,12050,7560,0.1,Bengaluru,Mobile App,12050,10845.0,3285.0,0.3029,2026-08
1425,2026-08-22,C580,Smartwatch,Electronics,1,7790,5520,0.0,Coimbatore,Web,7790,7790.0,2270.0,0.2914,2026-08
1152,2026-08-23,C599,Phone Case,Accessories,1,390,180,0.2,Madurai,Mobile App,390,312.0,132.0,0.4231,2026-08
1682,2026-08-23,C443,Sofa Set,Furniture,1,32350,17500,0.1,Chennai,Mobile App,32350,29115.0,11615.0,0.3989,2026-08
1682,2026-08-23,C443,Study Table,Furniture,2,6150,3510,0.1,Chennai,Mobile App,12300,11070.0,4050.0,0.3659,2026-08
2010,2026-08-23,C098,Mixer Grinder,Home & Kitchen,3,4350,2860,0.3,Coimbatore,Mobile App,13050,9135.0,555.0,0.0608,2026-08
2016,2026-08-23,C354,Cookware Set,Home & Kitchen,1,2890,1880,0.3,Chennai,Mobile App,2890,2023.0,143.0,0.0707,2026-08
1506,2026-08-24,C593,Pressure Cooker,Home & Kitchen,1,1570,980,0.1,Madurai,Mobile App,1570,1413.0,433.0,0.3064,2026-08
1506,2026-08-24,C593,Bookshelf,Furniture,1,4630,2590,0.15,Madurai,Mobile App,4630,3935.5,1345.5,0.3419,2026-08
2141,2026-08-24,C361,Phone,Electronics,1,19630,13980,0.0,Hyderabad,Mobile App,19630,19630.0,5650.0,0.2878,2026-08
1162,2026-08-25,C014,Wallet,Accessories,4,830,420,0.0,Madurai,Mobile App,3320,3320.0,1640.0,0.494,2026-08
1162,2026-08-25,C014,Headphones,Electronics,1,2550,1890,0.0,Madurai,Mobile App,2550,2550.0,660.0,0.2588,2026-08
1162,2026-08-25,C014,Sofa Set,Furniture,1,31090,16560,0.0,Madurai,Mobile App,31090,31090.0,14530.0,0.4674,2026-08
1192,2026-08-25,C204,Laptop Sleeve,Accessories,3,940,440,0.05,Bengaluru,Mobile App,2820,2679.0,1359.0,0.5073,2026-08
1192,2026-08-25,C204,Office Chair,Furniture,1,7800,4300,0.1,Bengaluru,Mobile App,7800,7020.0,2720.0,0.3875,2026-08
1497,2026-08-25,C333,Smart TV,Electronics,1,35550,25650,0.2,Bengaluru,Mobile App,35550,28440.0,2790.0,0.0981,2026-08
1736,2026-08-25,C150,Bookshelf,Furniture,1,4540,2430,0.0,Madurai,Web,4540,4540.0,2110.0,0.4648,2026-08
2042,2026-08-25,C571,Jacket,Apparel,1,2880,1240,0.05,Coimbatore,Mobile App,2880,2736.0,1496.0,0.5468,2026-08
1230,2026-08-26,C564,Smartwatch,Electronics,2,7730,5570,0.05,Kochi,Mobile App,15460,14687.0,3547.0,0.2415,2026-08
1730,2026-08-26,C285,Sunglasses,Accessories,2,1340,630,0.1,Hyderabad,Web,2680,2412.0,1152.0,0.4776,2026-08
1730,2026-08-26,C285,Dinner Set,Home & Kitchen,3,1840,1220,0.15,Hyderabad,Web,5520,4692.0,1032.0,0.2199,2026-08
1824,2026-08-26,C546,Cookware Set,Home & Kitchen,3,2880,1930,0.0,Salem,Mobile App,8640,8640.0,2850.0,0.3299,2026-08
1824,2026-08-26,C546,Office Chair,Furniture,1,7270,4120,0.25,Salem,Mobile App,7270,5452.5,1332.5,0.2444,2026-08
1824,2026-08-26,C546,Phone,Electronics,1,19940,14910,0.0,Salem,Mobile App,19940,19940.0,5030.0,0.2523,2026-08
1902,2026-08-26,C283,Headphones,Electronics,3,2560,1900,0.1,Bengaluru,Web,7680,6912.0,1212.0,0.1753,2026-08
1902,2026-08-26,C283,Tablet,Electronics,1,18390,13290,0.1,Bengaluru,Web,18390,16551.0,3261.0,0.197,2026-08
1233,2026-08-27,C563,Sofa Set,Furniture,1,32350,17550,0.05,Madurai,Mobile App,32350,30732.5,13182.5,0.4289,2026-08
1555,2026-08-27,C350,Phone,Electronics,1,20330,15020,0.15,Salem,Web,20330,17280.5,2260.5,0.1308,2026-08
1556,2026-08-27,C318,Tablet,Electronics,3,17470,12090,0.3,Madurai,Mobile App,52410,36687.0,417.0,0.0114,2026-08
1763,2026-08-27,C440,Dinner Set,Home & Kitchen,1,1880,1230,0.2,Hyderabad,Web,1880,1504.0,274.0,0.1822,2026-08
1028,2026-08-28,C533,Laptop,Electronics,1,50760,36290,0.15,Chennai,Mobile App,50760,43146.0,6856.0,0.1589,2026-08
1136,2026-08-29,C640,Smart TV,Electronics,1,34920,24500,0.25,Coimbatore,Mobile App,34920,26190.0,1690.0,0.0645,2026-08
1136,2026-08-29,C640,Bluetooth Speaker,Electronics,1,3600,2690,0.25,Coimbatore,Mobile App,3600,2700.0,10.0,0.0037,2026-08
1311,2026-08-29,C502,Sofa Set,Furniture,1,32410,17340,0.05,Salem,Mobile App,32410,30789.5,13449.5,0.4368,2026-08
1443,2026-08-29,C040,Smart TV,Electronics,1,34000,25350,0.05,Madurai,Mobile App,34000,32300.0,6950.0,0.2152,2026-08
1443,2026-08-29,C040,Headphones,Electronics,4,2470,1790,0.05,Madurai,Mobile App,9880,9386.0,2226.0,0.2372,2026-08
1723,2026-08-29,C192,Laptop Sleeve,Accessories,2,880,420,0.1,Salem,Web,1760,1584.0,744.0,0.4697,2026-08
1975,2026-08-29,C041,Laptop,Electronics,1,49410,35470,0.3,Bengaluru,Web,49410,34587.0,-883.0,-0.0255,2026-08
